naPlayer,points,resolvedAlias,status,isRostered
cr1mzah,25300,"Cr1mzah","AUTO (matched via Teams.csv - unique points + unique nickname)",true
Fighta71,23850,"Fighta71","AUTO (matched via Teams.csv - unique points + unique nickname)",true
MishGawd,23250,"MishGawd","AUTO (matched via Teams.csv - unique points + unique nickname)",true
Setzyy,23100,"Setzyy","AUTO (player name itself matches our data)",true
Titann_-,21850,"Titann_-","AUTO (matched via Teams.csv - unique points + unique nickname)",true
Durdev,21500,"Durdev","AUTO (player name itself matches our data)",true
Rhein6,21000,"Rhein6","AUTO (matched via Teams.csv - unique points + unique nickname)",true
swanny27,20800,"Swanny27","AUTO (player name itself matches our data)",false
LymaxLymax,20550,"LymaxLymax","AUTO (matched via Teams.csv - unique points + unique nickname)",true
ImagineT1,20200,"ImagineT1","AUTO (matched via Teams.csv - unique points + unique nickname)",true
16Cloudy,19350,"","UNRESOLVED (not on any team roster)",false
Raptahh,18050,"Raptahh","AUTO (matched via Teams.csv - unique points + unique nickname)",true
Jazhn,17950,"Jazhn","AUTO (player name itself matches our data)",true
Snellsyy,17000,"Snellsyy","AUTO (player name itself matches our data)",true
fafnirau,13800,"fafnirau","AUTO (matched via Teams.csv - unique points + unique nickname)",true
opengie,13500,"opengie","AUTO (matched via Teams.csv - unique points + unique nickname)",true
Thor124,12900,"Thor124","AUTO (matched via Teams.csv - unique points + unique nickname)",true
sky-cod,12400,"Sky-cod","AUTO (matched via Teams.csv - unique points + unique nickname)",true
Nickarnage,12200,"Nickarnage","AUTO (player name itself matches our data)",true
Astatix_,12100,"Astatix_","AUTO (matched via Teams.csv - unique points + unique nickname)",true
Aveerse,12050,"Aveerse","AUTO (player name itself matches our data)",true
mintie123,11850,"mintie123","AUTO (matched via Teams.csv - unique points + unique nickname)",true
DeezyGhee,11050,"DeezyGhee","AUTO (matched via Teams.csv - unique points + unique nickname)",true
Tempp7,10650,"Tempp7","AUTO (matched via Teams.csv - unique points + unique nickname)",true
AquaTheBeast,8950,"AquaTheBeast","AUTO (player name itself matches our data)",true
vSIqm,8850,"vSIqm","AUTO (matched via Teams.csv - unique points + unique nickname)",true
Elkah,8500,"Elkah","AUTO (player name itself matches our data)",true
KenanIhaka,8000,"Kenanihaka","AUTO (matched via Teams.csv - unique points + unique nickname)",true
Lumiinousx,7700,"Lumiinousx","AUTO (matched via Teams.csv - unique points + unique nickname)",true
sccarz,7600,"","UNRESOLVED (rostered on a team in AP Teams.csv)",true
StockaHEHE,7600,"","UNRESOLVED (rostered on a team in AP Teams.csv)",true
Fxnatic,7100,"Fxnatic","AUTO (player name itself matches our data)",true
Jaedee1,6800,"Jaedee1","AUTO (matched via Teams.csv - unique points + unique nickname)",true
FezHK,6650,"","UNRESOLVED (not on any team roster)",false
BeastnT1,6650,"","UNRESOLVED (not on any team roster)",false
F23sizzle,6600,"","UNRESOLVED (not on any team roster)",false
Swi3z,6400,"Swi3z","AUTO (player name itself matches our data)",false
Sa1gono,6400,"","UNRESOLVED (rostered on a team in AP Teams.csv)",true
Riqzyy,6400,"","UNRESOLVED (rostered on a team in AP Teams.csv)",true
Moss34,6400,"","UNRESOLVED (rostered on a team in AP Teams.csv)",true
tbeIntel,6300,"","UNRESOLVED (not on any team roster)",false
Khiz_,6100,"","UNRESOLVED (not on any team roster)",false
Maj3stii,6000,"","UNRESOLVED (rostered on a team in AP Teams.csv)",true
Botickii,6000,"Botickii","AUTO (player name itself matches our data)",false
Mitchyy1,5800,"","UNRESOLVED (not on any team roster)",false
Plasmxh,5600,"","UNRESOLVED (not on any team roster)",false
Caporegime21,5200,"","UNRESOLVED (rostered on a team in AP Teams.csv)",true
Wyxth,5200,"Wyxth","AUTO (player name itself matches our data)",false
Blurr4,5200,"","UNRESOLVED (not on any team roster)",false
Nerhhvous,5200,"Nerhhvous","AUTO (player name itself matches our data)",false
x1shot,5000,"","UNRESOLVED (rostered on a team in AP Teams.csv)",true
Fattyy1,5000,"","UNRESOLVED (not on any team roster)",false
Kutoxz,4800,"Kutoxz","AUTO (player name itself matches our data)",false
bully1312,4800,"","UNRESOLVED (not on any team roster)",false
Kamado,4700,"Kamado","AUTO (player name itself matches our data)",true
AviateJC,4700,"","UNRESOLVED (rostered on a team in AP Teams.csv)",true
KenThaGoat,4600,"","UNRESOLVED (not on any team roster)",false
Iziky,4400,"Iziky","AUTO (player name itself matches our data)",false
tikudsnarts,4200,"","UNRESOLVED (not on any team roster)",false
Promjse,4000,"Promjse","AUTO (player name itself matches our data)",false
geng,4000,"","UNRESOLVED (not on any team roster)",false
vkaigo,4000,"","UNRESOLVED (not on any team roster)",false
EvadeM8,3900,"","UNRESOLVED (not on any team roster)",false
SolaceAF,3900,"","UNRESOLVED (not on any team roster)",false
ket6k,3800,"","UNRESOLVED (not on any team roster)",false
Tempa___,3600,"Tempa___","AUTO (matched via Teams.csv - unique points + unique nickname)",true
MillzieAu,3500,"","UNRESOLVED (not on any team roster)",false
Teqtriqqy,3400,"TeqTriqqy","AUTO (player name itself matches our data)",false
Hypnotiq-,3200,"Hypnotiq","AUTO-LOOSE (normalized match to "Hypnotiq")",true
SteppaT1,3200,"","UNRESOLVED (not on any team roster)",false
oasis1x,3200,"","UNRESOLVED (not on any team roster)",false
IamStonedX,3200,"","UNRESOLVED (not on any team roster)",false
AyreUR,3100,"","UNRESOLVED (not on any team roster)",false
Skynoko,3100,"Skynoko","AUTO (player name itself matches our data)",false
Conzyy,3100,"","UNRESOLVED (rostered on a team in AP Teams.csv)",true
TapMcCane,3000,"TapMcCane","AUTO (player name itself matches our data)",false
-Kaiba,3000,"Kaiba","AUTO-LOOSE (normalized match to "Kaiba")",false
Paco24_,2900,"","UNRESOLVED (not on any team roster)",false
Deceitful4g,2800,"","UNRESOLVED (not on any team roster)",false
Tixkzy-,2800,"Tixkzy","AUTO-LOOSE (normalized match to "Tixkzy")",false
Apollloo__,2800,"","UNRESOLVED (not on any team roster)",false
RefyCOD,2800,"","UNRESOLVED (not on any team roster)",false
TTrazi,2600,"","UNRESOLVED (not on any team roster)",false
Hercz_,2600,"Hercz","AUTO-LOOSE (normalized match to "Hercz")",false
Pazoce,2600,"","UNRESOLVED (not on any team roster)",false
Itsboathire,2600,"","UNRESOLVED (not on any team roster)",false
legacy4201,2600,"","UNRESOLVED (not on any team roster)",false
Retsujiro,2600,"Retsujiro","AUTO (player name itself matches our data)",false
JustTuff,2600,"JustTuff","AUTO (player name itself matches our data)",false
Cronysama,2500,"Cronysama","AUTO (player name itself matches our data)",false
Yokattaa,2500,"","UNRESOLVED (not on any team roster)",false
Lmart,2500,"Lmart","AUTO (player name itself matches our data)",false
Nexus_ss,2500,"","UNRESOLVED (not on any team roster)",false
holqsss,2500,"","UNRESOLVED (not on any team roster)",false
Villainfk,2400,"","UNRESOLVED (not on any team roster)",false
sammybr0,2400,"Sammybr0","AUTO (player name itself matches our data)",false
Clawssyy,2300,"","UNRESOLVED (not on any team roster)",false
Thqek,2300,"Thqek","AUTO (player name itself matches our data)",false
DoraSquirre,2300,"DoraSquirre","AUTO (player name itself matches our data)",false
Avellz,2300,"Avellz","AUTO (player name itself matches our data)",false
oHoudini,2200,"","UNRESOLVED (not on any team roster)",false
brother1222,2200,"brother1222","AUTO (player name itself matches our data)",false
ItsGeez,2200,"","UNRESOLVED (not on any team roster)",false
aggybrah,2200,"aggybrah","AUTO (player name itself matches our data)",false
Relic2,2200,"","UNRESOLVED (not on any team roster)",false
FKinq,2200,"","UNRESOLVED (not on any team roster)",false
Reniial,2100,"Reniial","AUTO (player name itself matches our data)",true
kky01,2100,"","UNRESOLVED (not on any team roster)",false
mstr_1232123,2100,"mstr 1232123","AUTO-LOOSE (normalized match to "mstr 1232123")",false
StixOCE,2100,"","UNRESOLVED (not on any team roster)",false
Ace7511,2000,"","UNRESOLVED (not on any team roster)",false
LawNz1,2000,"","UNRESOLVED (not on any team roster)",false
Ape72,2000,"","UNRESOLVED (not on any team roster)",false
kefeMe1,2000,"","UNRESOLVED (not on any team roster)",false
Lumi_Loon,2000,"","UNRESOLVED (not on any team roster)",false
pleasureeszn,1900,"","UNRESOLVED (not on any team roster)",false
Beast07,1800,"Beast07","AUTO (player name itself matches our data)",false
maltadawqz,1800,"","UNRESOLVED (not on any team roster)",false
Hooksjpg,1800,"","UNRESOLVED (not on any team roster)",false
steeeezn,1800,"","UNRESOLVED (not on any team roster)",false
nathcod,1800,"","UNRESOLVED (not on any team roster)",false
Cepah,1800,"Cepah","AUTO (player name itself matches our data)",false
Distrort,1800,"","UNRESOLVED (not on any team roster)",false
Sassy1,1800,"","UNRESOLVED (rostered on a team in AP Teams.csv)",true
Ladbot,1700,"Ladbot","AUTO (player name itself matches our data)",false
YamatyX,1600,"","UNRESOLVED (not on any team roster)",false
XOC2,1600,"","UNRESOLVED (not on any team roster)",false
Licky6,1600,"","UNRESOLVED (not on any team roster)",false
bazzehwazzeh,1600,"Bazzeh Wazzeh","AUTO-LOOSE (normalized match to "Bazzeh Wazzeh")",false
torzyn,1600,"Torzyn","AUTO (player name itself matches our data)",false
ProlificT1,1600,"","UNRESOLVED (not on any team roster)",false
Raidszy,1600,"Raidszy","AUTO (player name itself matches our data)",false
Donzah_,1500,"Donzah","AUTO-LOOSE (normalized match to "Donzah")",false
Paakz,1500,"Paakz","AUTO (player name itself matches our data)",false
Rezillion,1400,"Rezillion","AUTO (player name itself matches our data)",false
Covex,1400,"Covex","AUTO (player name itself matches our data)",false
bigbrekkyg,1400,"bigbrekkyg","AUTO (player name itself matches our data)",false
HeresJohnny3,1400,"","UNRESOLVED (not on any team roster)",false
Lexaticc,1400,"","UNRESOLVED (not on any team roster)",false
Kanjoz7,1400,"","UNRESOLVED (not on any team roster)",false
Ruke,1300,"Ruke","AUTO (player name itself matches our data)",false
Loqzii,1300,"","UNRESOLVED (not on any team roster)",false
Priestlyy,1300,"Priestlyy","AUTO (player name itself matches our data)",false
axisss1,1300,"","UNRESOLVED (not on any team roster)",false
BeNNY_GoONER,1300,"","UNRESOLVED (not on any team roster)",false
BrolyOTB,1200,"","UNRESOLVED (not on any team roster)",false
notKid,1200,"","UNRESOLVED (not on any team roster)",false
adonisZT,1200,"","UNRESOLVED (not on any team roster)",false
Liaym,1200,"Liaym","AUTO (player name itself matches our data)",false
Fizz111,1200,"","UNRESOLVED (not on any team roster)",false
Marz770,1200,"","UNRESOLVED (not on any team roster)",false
jKustomz,1200,"jKustomz","AUTO (player name itself matches our data)",false
Predinn,1200,"Predinn","AUTO (player name itself matches our data)",false
yslCOD,1200,"","UNRESOLVED (not on any team roster)",false
ll_L_ll,1100,"","UNRESOLVED (not on any team roster)",false
Law_Kar,1100,"LawKar","AUTO-LOOSE (normalized match to "LawKar")",false
Smekon_t1,1100,"","UNRESOLVED (not on any team roster)",false
xCorbz,1100,"","UNRESOLVED (not on any team roster)",false
Yiijji,1100,"Yiijji","AUTO (player name itself matches our data)",false
Y1NGJD,1100,"","UNRESOLVED (not on any team roster)",false
Jkr77,1100,"","UNRESOLVED (not on any team roster)",false
Desknn,1000,"","UNRESOLVED (not on any team roster)",false
Aestheticszn,1000,"","UNRESOLVED (not on any team roster)",false
AlperenZ,1000,"","UNRESOLVED (not on any team roster)",false
te4kk,1000,"te4kk","AUTO (player name itself matches our data)",false
Xetopiaa,1000,"","UNRESOLVED (not on any team roster)",false
Jestxh,1000,"","UNRESOLVED (not on any team roster)",false
Dmjv,1000,"Dmjv","AUTO (player name itself matches our data)",false
SargeX1,900,"","UNRESOLVED (not on any team roster)",false
fkkoji,900,"","UNRESOLVED (not on any team roster)",false
VelocityZ_,900,"","UNRESOLVED (not on any team roster)",false
Jahrin,800,"Jahrin","AUTO (player name itself matches our data)",false
5IVELad,800,"","UNRESOLVED (not on any team roster)",false
guaapoh,800,"Guaapoh","AUTO (player name itself matches our data)",false
Gubby64au,800,"","UNRESOLVED (not on any team roster)",false
Darthlitty,800,"Darthlitty","AUTO (player name itself matches our data)",false
armaniXV,800,"","UNRESOLVED (not on any team roster)",false
Jaiqu,800,"","UNRESOLVED (not on any team roster)",false
GazaMan1,800,"","UNRESOLVED (not on any team roster)",false
Freezyyoce,800,"","UNRESOLVED (not on any team roster)",false
TeenieJC,800,"","UNRESOLVED (not on any team roster)",false
sekikano,800,"","UNRESOLVED (not on any team roster)",false
NagaBtch,800,"","UNRESOLVED (not on any team roster)",false
Saqen_,800,"Saqen","AUTO-LOOSE (normalized match to "Saqen")",false
Teqa2,800,"","UNRESOLVED (not on any team roster)",false
Qezn,800,"Qezn","AUTO (player name itself matches our data)",false
Elev23,800,"","UNRESOLVED (not on any team roster)",false
DirtyBoots,800,"","UNRESOLVED (not on any team roster)",false
NZStacker,700,"","UNRESOLVED (not on any team roster)",false
Howlzr,700,"Howlzr","AUTO (player name itself matches our data)",false
RevengeTA,700,"","UNRESOLVED (not on any team roster)",false
illchay,700,"ILLCHAY","AUTO (player name itself matches our data)",false
Infvze,700,"","UNRESOLVED (not on any team roster)",false
Wassa__,700,"Wassa","AUTO-LOOSE (normalized match to "Wassa")",false
Relentlxss,700,"Relentlxss","AUTO (player name itself matches our data)",false
BiggyCeech,700,"","UNRESOLVED (not on any team roster)",false
_Boppa,700,"","UNRESOLVED (not on any team roster)",false
shooteRcod,600,"","UNRESOLVED (not on any team roster)",false
Glny,600,"","UNRESOLVED (not on any team roster)",false
Codes,600,"","UNRESOLVED (not on any team roster)",false
qEman_,600,"qEman","AUTO-LOOSE (normalized match to "qEman")",false
canon_taka,600,"canon taka","AUTO-LOOSE (normalized match to "canon taka")",false
627chilli,600,"","UNRESOLVED (not on any team roster)",false
getback7,600,"","UNRESOLVED (not on any team roster)",false
Trrax,600,"","UNRESOLVED (not on any team roster)",false
HuniBoii,600,"","UNRESOLVED (not on any team roster)",false
Ice___21,600,"","UNRESOLVED (not on any team roster)",false
zMurda,600,"","UNRESOLVED (not on any team roster)",false
ImKairo,600,"","UNRESOLVED (not on any team roster)",false
Venxmous,600,"","UNRESOLVED (not on any team roster)",false
dezi-,600,"dezi","AUTO-LOOSE (normalized match to "dezi")",false
VisioneF,600,"","UNRESOLVED (not on any team roster)",false
gorinep,600,"gorinep","AUTO (player name itself matches our data)",false
Tzuyu3,600,"","UNRESOLVED (not on any team roster)",false
miso_soup_,600,"miso soup","AUTO-LOOSE (normalized match to "miso soup")",false
ItzAzzaa,600,"","UNRESOLVED (not on any team roster)",false
GSage6,600,"","UNRESOLVED (not on any team roster)",false
Burgeeze,600,"","UNRESOLVED (not on any team roster)",false
evo1x,600,"","UNRESOLVED (not on any team roster)",false
Tioka,600,"Tioka","AUTO (player name itself matches our data)",false
Haight_,600,"Haight","AUTO-LOOSE (normalized match to "Haight")",false
shoper_,600,"shoper","AUTO-LOOSE (normalized match to "shoper")",false
Fergzzz71,600,"","UNRESOLVED (not on any team roster)",false
remensy,500,"Remensy","AUTO (player name itself matches our data)",false
DerCJ,500,"DerCJ","AUTO (player name itself matches our data)",false
HongiSZN,500,"","UNRESOLVED (not on any team roster)",false
_Brk_,500,"Brk","AUTO-LOOSE (normalized match to "Brk")",false
Rockiwaa,500,"","UNRESOLVED (not on any team roster)",false
phluro1G,500,"","UNRESOLVED (not on any team roster)",false
Prolificz,500,"","UNRESOLVED (not on any team roster)",false
Vizionary,500,"","UNRESOLVED (not on any team roster)",false
jtui,500,"jtui","AUTO (player name itself matches our data)",false
Zesty_0813,500,"","UNRESOLVED (not on any team roster)",false
UAV__,500,"uav","AUTO-LOOSE (normalized match to "uav")",false
Stat-iX,500,"StatiX","AUTO-LOOSE (normalized match to "StatiX")",false
Crxsadxr,500,"","UNRESOLVED (not on any team roster)",false
Tomi3e,500,"","UNRESOLVED (not on any team roster)",false
fw3z,400,"","UNRESOLVED (not on any team roster)",false
Seetos,400,"Seetos","AUTO (player name itself matches our data)",false
eggsbenny,400,"eggsbenny","AUTO (player name itself matches our data)",false
OneLondon,400,"","UNRESOLVED (not on any team roster)",false
Matzkie,400,"Matzkie","AUTO (player name itself matches our data)",false
SassMK,400,"","UNRESOLVED (not on any team roster)",false
eliqzr,400,"eliqzr","AUTO (player name itself matches our data)",false
HuxIey,400,"","UNRESOLVED (not on any team roster)",false
Scytx,400,"Scytx","AUTO (player name itself matches our data)",false
DirtyMexxx,400,"","UNRESOLVED (not on any team roster)",false
KayJay-_-,400,"","UNRESOLVED (not on any team roster)",false
sleep_oce,400,"","UNRESOLVED (not on any team roster)",false
StellaRc,400,"StellaRc","AUTO (player name itself matches our data)",false
sheepsb,400,"","UNRESOLVED (not on any team roster)",false
ReForgr,400,"","UNRESOLVED (not on any team roster)",false
waylander905,400,"","UNRESOLVED (not on any team roster)",false
jinqos,400,"jinqos","AUTO (player name itself matches our data)",false
-Tye-,300,"","UNRESOLVED (not on any team roster)",false
Woioiii,300,"","UNRESOLVED (not on any team roster)",false
Carmexy,300,"","UNRESOLVED (not on any team roster)",false
YTBNoz,300,"","UNRESOLVED (not on any team roster)",false
BV4N,300,"BV4N","AUTO (player name itself matches our data)",false
S1Yuqq,300,"","UNRESOLVED (not on any team roster)",false
PrimeszNZ,300,"","UNRESOLVED (not on any team roster)",false
PlsSpoonMe,300,"","UNRESOLVED (not on any team roster)",false
i2Liam,300,"","UNRESOLVED (not on any team roster)",false
Crilexx_,300,"","UNRESOLVED (not on any team roster)",false
storm_OCE,300,"","UNRESOLVED (not on any team roster)",false
AizyAu,300,"","UNRESOLVED (not on any team roster)",false
GqZeL_11,300,"GqZeL 11","AUTO-LOOSE (normalized match to "GqZeL 11")",false
Tyson_,300,"","UNRESOLVED (not on any team roster)",false
Tuerzx,300,"","UNRESOLVED (not on any team roster)",false
floppp_,300,"","UNRESOLVED (not on any team roster)",false
GGoose9,300,"","UNRESOLVED (not on any team roster)",false
_UcKz,300,"","UNRESOLVED (not on any team roster)",false
Fortytwo13,300,"","UNRESOLVED (not on any team roster)",false
wilkco,300,"Wilkco","AUTO (player name itself matches our data)",false
Venom851,300,"","UNRESOLVED (not on any team roster)",false
Cequential,300,"","UNRESOLVED (not on any team roster)",false
WISHYYY__,300,"","UNRESOLVED (not on any team roster)",false
yukiii___,300,"","UNRESOLVED (not on any team roster)",false
akatsuki0726,300,"","UNRESOLVED (not on any team roster)",false
greblon,300,"","UNRESOLVED (not on any team roster)",false
Mystro123,300,"","UNRESOLVED (not on any team roster)",false
Redemptionn2,300,"","UNRESOLVED (not on any team roster)",false
zVxper,300,"","UNRESOLVED (not on any team roster)",false
OzziiBee,300,"","UNRESOLVED (not on any team roster)",false
GeNZo2679,300,"","UNRESOLVED (not on any team roster)",false
bulll3,300,"","UNRESOLVED (not on any team roster)",false
Skyline_AU,200,"","UNRESOLVED (not on any team roster)",false
fergzz187,200,"","UNRESOLVED (not on any team roster)",false
FoSwish,200,"","UNRESOLVED (not on any team roster)",false
Fizetter,200,"Fizetter","AUTO (player name itself matches our data)",false
zFlood,200,"","UNRESOLVED (not on any team roster)",false
ZuzicAU,200,"","UNRESOLVED (not on any team roster)",false
trac__,200,"Trac","AUTO-LOOSE (normalized match to "Trac")",false
qBuffy,200,"","UNRESOLVED (not on any team roster)",false
EqpT,200,"","UNRESOLVED (not on any team roster)",false
SetoShyne,200,"","UNRESOLVED (not on any team roster)",false
Escxty,200,"","UNRESOLVED (not on any team roster)",false
RB62,200,"","UNRESOLVED (not on any team roster)",false
Zarby_,200,"Zarby","AUTO-LOOSE (normalized match to "Zarby")",false
K0BA-1310,200,"","UNRESOLVED (not on any team roster)",false
HijabLowjab,200,"","UNRESOLVED (not on any team roster)",false
SunDown222,200,"","UNRESOLVED (not on any team roster)",false
iApnea,200,"","UNRESOLVED (not on any team roster)",false
Chromeoce,200,"","UNRESOLVED (not on any team roster)",false
Doozy__,200,"","UNRESOLVED (not on any team roster)",false
MFJubbs,200,"","UNRESOLVED (not on any team roster)",false
Tylzr,200,"","UNRESOLVED (not on any team roster)",false
Unoyal,200,"Unoyal","AUTO (player name itself matches our data)",false
Killes_,200,"","UNRESOLVED (not on any team roster)",false
Dezitron,200,"","UNRESOLVED (not on any team roster)",false
peiperry,200,"Peiperry","AUTO (player name itself matches our data)",false
Naeqooo,200,"","UNRESOLVED (not on any team roster)",false
KingJayOCE,200,"","UNRESOLVED (not on any team roster)",false
JoltAU,200,"","UNRESOLVED (not on any team roster)",false
KRISH544,200,"","UNRESOLVED (not on any team roster)",false