AP Player,Points,Known Alias
cr1mzah,25300,
Fighta71,23850,
MishGawd,23250,
Setzyy,23100,
Titann_-,21850,
Durdev,21500,
Rhein6,21000,
swanny27,20800,
LymaxLymax,20550,
ImagineT1,20200,
16Cloudy,19350,
Raptahh,18050,
Jazhn,17950,
Snellsyy,17000,
fafnirau,13800,
opengie,13500,
Thor124,12900,
sky-cod,12400,
Nickarnage,12200,
Astatix_,12100,
Aveerse,12050,
mintie123,11850,
DeezyGhee,11050,
Tempp7,10650,
AquaTheBeast,8950,
vSIqm,8850,
Elkah,8500,
KenanIhaka,8000,
Lumiinousx,7700,
sccarz,7600,
StockaHEHE,7600,
Fxnatic,7100,
Jaedee1,6800,
FezHK,6650,
BeastnT1,6650,
F23sizzle,6600,
Swi3z,6400,
Sa1gono,6400,
Riqzyy,6400,
Moss34,6400,
tbeIntel,6300,
Khiz_,6100,
Maj3stii,6000,
Botickii,6000,
Mitchyy1,5800,
Plasmxh,5600,
Caporegime21,5200,
Wyxth,5200,
Blurr4,5200,
Nerhhvous,5200,
x1shot,5000,
Fattyy1,5000,
Kutoxz,4800,
bully1312,4800,
Kamado,4700,
AviateJC,4700,
KenThaGoat,4600,
Iziky,4400,
tikudsnarts,4200,
Promjse,4000,
geng,4000,
vkaigo,4000,
EvadeM8,3900,
SolaceAF,3900,
ket6k,3800,
Tempa___,3600,
MillzieAu,3500,
Teqtriqqy,3400,
Hypnotiq-,3200,
SteppaT1,3200,
oasis1x,3200,
IamStonedX,3200,
AyreUR,3100,
Skynoko,3100,
Conzyy,3100,
TapMcCane,3000,
-Kaiba,3000,
Paco24_,2900,
Deceitful4g,2800,
Tixkzy-,2800,
Apollloo__,2800,
RefyCOD,2800,
TTrazi,2600,
Hercz_,2600,
Pazoce,2600,
Itsboathire,2600,
legacy4201,2600,
Retsujiro,2600,
JustTuff,2600,
Cronysama,2500,
Yokattaa,2500,
Lmart,2500,
Nexus_ss,2500,
holqsss,2500,
Villainfk,2400,
sammybr0,2400,
Clawssyy,2300,
Thqek,2300,
DoraSquirre,2300,
Avellz,2300,
oHoudini,2200,
brother1222,2200,
ItsGeez,2200,
aggybrah,2200,
Relic2,2200,
FKinq,2200,
Reniial,2100,
kky01,2100,
mstr_1232123,2100,
StixOCE,2100,
Ace7511,2000,
LawNz1,2000,
Ape72,2000,
kefeMe1,2000,
Lumi_Loon,2000,
pleasureeszn,1900,
Beast07,1800,
maltadawqz,1800,
Hooksjpg,1800,
steeeezn,1800,
nathcod,1800,
Cepah,1800,
Distrort,1800,
Sassy1,1800,
Ladbot,1700,
YamatyX,1600,
XOC2,1600,
Licky6,1600,
bazzehwazzeh,1600,
torzyn,1600,
ProlificT1,1600,
Raidszy,1600,
Donzah_,1500,
Paakz,1500,
Rezillion,1400,
Covex,1400,
bigbrekkyg,1400,
HeresJohnny3,1400,
Lexaticc,1400,
Kanjoz7,1400,
Ruke,1300,
Loqzii,1300,
Priestlyy,1300,
axisss1,1300,
BeNNY_GoONER,1300,
BrolyOTB,1200,
notKid,1200,
adonisZT,1200,
Liaym,1200,
Fizz111,1200,
Marz770,1200,
jKustomz,1200,
Predinn,1200,
yslCOD,1200,
ll_L_ll,1100,
Law_Kar,1100,
Smekon_t1,1100,
xCorbz,1100,
Yiijji,1100,
Y1NGJD,1100,
Jkr77,1100,
Desknn,1000,
Aestheticszn,1000,
AlperenZ,1000,
te4kk,1000,
Xetopiaa,1000,
Jestxh,1000,
Dmjv,1000,
SargeX1,900,
fkkoji,900,
VelocityZ_,900,
Jahrin,800,
5IVELad,800,
guaapoh,800,
Gubby64au,800,
Darthlitty,800,
armaniXV,800,
Jaiqu,800,
GazaMan1,800,
Freezyyoce,800,
TeenieJC,800,
sekikano,800,
NagaBtch,800,
Saqen_,800,
Teqa2,800,
Qezn,800,
Elev23,800,
DirtyBoots,800,
NZStacker,700,
Howlzr,700,
RevengeTA,700,
illchay,700,
Infvze,700,
Wassa__,700,
Relentlxss,700,
BiggyCeech,700,
_Boppa,700,
shooteRcod,600,
Glny,600,
Codes,600,
qEman_,600,
canon_taka,600,
627chilli,600,
getback7,600,
Trrax,600,
HuniBoii,600,
Ice___21,600,
zMurda,600,
ImKairo,600,
Venxmous,600,
dezi-,600,
VisioneF,600,
gorinep,600,
Tzuyu3,600,
miso_soup_,600,
ItzAzzaa,600,
GSage6,600,
Burgeeze,600,
evo1x,600,
Tioka,600,
Haight_,600,
shoper_,600,
Fergzzz71,600,
remensy,500,
DerCJ,500,
HongiSZN,500,
_Brk_,500,
Rockiwaa,500,
phluro1G,500,
Prolificz,500,
Vizionary,500,
jtui,500,
Zesty_0813,500,
UAV__,500,
Stat-iX,500,
Crxsadxr,500,
Tomi3e,500,
fw3z,400,
Seetos,400,
eggsbenny,400,
OneLondon,400,
Matzkie,400,
SassMK,400,
eliqzr,400,
HuxIey,400,
Scytx,400,
DirtyMexxx,400,
KayJay-_-,400,
sleep_oce,400,
StellaRc,400,
sheepsb,400,
ReForgr,400,
waylander905,400,
jinqos,400,
-Tye-,300,
Woioiii,300,
Carmexy,300,
YTBNoz,300,
BV4N,300,
S1Yuqq,300,
PrimeszNZ,300,
PlsSpoonMe,300,
i2Liam,300,
Crilexx_,300,
storm_OCE,300,
AizyAu,300,
GqZeL_11,300,
Tyson_,300,
Tuerzx,300,
floppp_,300,
GGoose9,300,
_UcKz,300,
Fortytwo13,300,
wilkco,300,
Venom851,300,
Cequential,300,
WISHYYY__,300,
yukiii___,300,
akatsuki0726,300,
greblon,300,
Mystro123,300,
Redemptionn2,300,
zVxper,300,
OzziiBee,300,
GeNZo2679,300,
bulll3,300,
Skyline_AU,200,
fergzz187,200,
FoSwish,200,
Fizetter,200,
zFlood,200,
ZuzicAU,200,
trac__,200,
qBuffy,200,
EqpT,200,
SetoShyne,200,
Escxty,200,
RB62,200,
Zarby_,200,
K0BA-1310,200,
HijabLowjab,200,
SunDown222,200,
iApnea,200,
Chromeoce,200,
Doozy__,200,
MFJubbs,200,
Tylzr,200,
Unoyal,200,
Killes_,200,
Dezitron,200,
peiperry,200,
Naeqooo,200,
KingJayOCE,200,
JoltAU,200,
KRISH544,200,