Team Name,Team Points,Player1,Player1Points,Player2,Player2Points,Player3,Player3Points,Player4,Player4Points
Mindfreak,"92,800",Fighta71,"23,850",Cr1mzah,"25,300",LymaxLymax,"20,550",Setzyy,"23,100"
EMEA,"81,350",Durdev,"21,500",Rhein6,"21,000",Snellsyy,"17,000",Titann_-,"21,850"
Akatsuki,"68,400",ImagineT1,"20,200",Jazhn,"17,950",Nickarnage,"12,200",Raptahh,"18,050"
i2,"60,650",Aveerse,"12,050",mintie123,"11,850",MishGawd,"23,250",opengie,"13,500"
Without Remorse,"40,700",fafnirau,"13,800",Jaedee1,"6,800",Lumiinousx,"7,700",Sky-cod,"12,400"
Ivy League,"39,500",AquaTheBeast,"8,950",DeezyGhee,"11,050",Tempp7,"10,650",vSIqm,"8,850"
Aetheris,"34,600",Riqzyy,"6,400",Astatix_,"12,100",Hypnotiq-,"3,200",Thor124,"12,900"
hand of god,"29,600",Elkah,"8,500",Fxnatic,"7,100",Moss34,"6,400",sccarz,"7,600"
BnE,"23,800",AviateJC,"4,700",Kamado,"4,700",Kenanihaka,"8,000",Sa1gono,"6,400"
Team x1shot,"23,800",x1shot,"5,000",Caporegime21,"5,200",Maj3stii,"6,000",StockaHEHE,"7,600"
Synergy Esports Club,"10,600",Tempa___,"3,600",Conzyy,"3,100",Reniial,"2,100",Sassy1,"1,800"