EU Player,Points,Known Alias
sleebless,120550,Denza
Aspektt,118550,Aspekt
zKhhx,112450,
d7oomkhalil,112450,
d7oomx,112450,
Rxld1,108250,
FDOTCOD,100600,FDot
Horridharry,100600,Harry
BMythix,100600,Mythix
dkxrryy,90100,DK
Breszy,76250,Breszy
CobraaMVP,76250,Cobra
Lyynnz,76250,Lynz
EthanYRN,74400,Ethan
Melko19,62300,Melko
Mighty7u,58950,
HHenryy,51000,Henry
ReeaLJM,49100,ReeaL
detainn,46000,Detain
syqz6,44200,
Alfaaaw,43100,Alfa
RushCDl,35400,
Scytheszn_,30900,
Clutch24s,30900,
LegendZer,30300,
sNDepaa,29850,
Nadox7,27400,
Ovrlay,27300,
wailers,26950,
KezCSM,26900,Kez
zCloxSZN,25700,
gntlman1,24100,
Danycod1,23950,
lDisarray,22600,Disarray
BladeCNXN,21300,
D3L1V3R,21250,
RealCharm,21150,
BBConor,19300,
UHFZ,17800,
AidenCNXN,17700,
CleemZiSZN,17100,
FaisalRZ,16200,
Twisteddd_,16150,
Yafty,16100,
WEA7HS,14200,
Izaac791,14100,
AvoJT,14100,
ZiddiX_,13600,
slade-_-,13500,
mc00f,13400,
Virsuhh,13100,
oEleven,13100,
shay3_,13000,
Abdullatif10,12700,
RaZeSouLx,12200,
InfinityF,12200,
f9ly,11450,
zLittleboy,11450,
9JamaL,11100,
A9eelx,11000,
Swayy2,10950,
Op7mod,10950,
SmolZiLa,10800,
Striderr,10700,
NotTaad,10550,
ivooo23,10400,
FibronE,9350,
Hession-,9150,
cjfps,8550,
Yazaah_,8500,
LikelyDosry,8500,
CharlieC_,8200,
xAllEyez,7900,
SaiONaraa,7600,
7Sparky,7600,
ChunkyBoy_,7600,
OTRM,7500,
Cjp-,7400,
zzZeyad,7250,
Kacitys,6700,
doristraat,6600,
DylanCOD,6500,
Doxx0,6400,
FRIMJ,6300,
_Leooooo,6300,
Tommyy13,6200,
RRebornT2P,5800,
Tekzaaaa,5600,
AlfieZyrro,5600,
iEarly,5500,
DEAPEER,5500,
MindOvExo,5500,
Rohen1,5400,
zxrkaa7,5400,
TKReedy,5300,
ZirowKR7,5200,
NeroV4,5200,
Hujkkii,5100,
MD713,5000,
tamim_szn,4800,
Lokow8,4700,
LokiAM,4650,
ENEP1M,4600,
CodaNueve9,4600,
SScaapii,4600,
PipeFatal,4600,
Genjiiii1,4600,
Kodasity,4600,
mnzy9,4500,
Rushdog7,4500,
Idk_cod,4400,
TCHOUK91,4400,
ccMadness,4300,
Mythix3,4200,
mxwat,4200,
HAPPY4ya,4200,
not_turki1,4150,
MenaceMG7,4100,
eMiracule,4100,
AkaVipr95,4100,
WanySama,4100,
Dynastie17,4100,
1Brainy,4050,
Fpity,3900,
NydroB09,3900,
Loic93,3700,
8ica,3700,
rev013,3600,
Seannyycod,3500,
eclw0,3500,
alsumih,3500,
lpengu,3500,
Kahzuko,3450,
AtomicBladen,3450,
Jvliann,3400,
Beetsznn,3300,
blz6,3300,
TyzoCOD,3300,
Khxos,3300,
slouth1,3300,
xRbod,3300,
Pixe-,3300,
Sketchyy-_-,3200,
1DreamFyre,3200,
zRakan911,3200,
LewisCOD,3200,
metalrico,3100,
SHARKK7,3100,
Recurzs,3000,
Whizzxrd,3000,
Elusiive-,2900,
fahadfal2,2900,
surnas,2900,
NeeeyComp,2800,
teaztjm,2800,
Heptix103639,2800,
besaaar,2800,
Kwindo,2800,
Cyborgnt,2800,
Raaphey,2800,
SaudiKi1ler,2700,
CroustyCOD,2700,
atkrz,2700,
Naykiuu,2700,
Certii-,2700,
RoiLz1,2700,
JMEden97,2700,
SeptemberX,2700,
Clezia,2700,
Kapzhyaa,2700,
Pontano,2700,
Bjzzyy,2600,
RWZ_q,2600,
CruelSM,2600,
Deenn2,2500,
LutoLewis,2500,
CCarter_,2500,
SteVortex,2500,
Txmsko,2500,
RiskyAlpha,2450,
Kayle12,2450,
Breezycod,2400,
Muhand7,2400,
Evo-o,2400,
Marshall9cod,2400,
Declippy,2300,
Spelura,2300,
osama-8,2300,
Nevy_2,2300,
Zerg-,2300,
GwT-,2300,
ieaziz,2250,
xwhoops1,2200,
yEscalera,2200,
Vodric,2200,
zSnS,2150,
Dohm_,2100,
Bloww-,2100,
1Revin,2050,
13Albin,2000,
Moodszn,2000,
ChunkRT,2000,
Onslaaught,2000,
Challs7k,1900,
Yoxsef1,1900,
DDeVinee,1900,
nathanparker,1900,
Kotlah,1900,
Nuevoo,1900,
BleB9,1900,
oCr4zYxKiLLz,1900,
TrunKD1,1800,
SigraBenji,1800,
notkiosku,1800,
OjpT,1800,
hyznARN,1800,
ysSzN,1800,
Bremanz,1800,
AliFSA,1800,
Yoshhhhh,1800,
PowerhouseJ7,1800,
Alfredo__,1700,
Speer20,1700,
CallMeKay00,1700,
xMerkah,1700,
5ald5,1700,
HxrryXIV,1700,
opM7SN,1700,
rreflexeu,1700,
RuthlessX2,1700,
ultraa_mvp,1700,
Rothsteinx,1600,
rippo123,1600,
JMeemo,1600,
Bustaaa,1600,
Ruznam,1500,
rzreco,1500,
Billypd,1500,
xWipk,1500,
ReeFleXGeo,1500,
ZZayan,1500,
JxcksonMVP,1500,
RXD7,1500,
C4-Slayz,1500,
CamVoid,1500,
qFaisall,1500,
ShortLy7,1500,
zGenghisKhan,1400,
TwizzCR,1400,
IMURD3R,1400,
Ttacker,1400,
GalaxyLRH,1400,
ddrills,1400,
Tysbaa,1400,
MAQS_,1400,
vitozzJM,1400,
plxydi,1300,
DizzyTT-,1300,
Yumeko999,1300,
Zoid_TanK,1300,
BenWilsonn,1300,
RLX6,1300,
SMG7,1300,
SpxncerM,1300,
Beseatey,1300,
BeCole,1300,
ChicaTikka,1300,
MagikzBurn,1300,
TheOneJimmy,1300,
ManLikeRyan,1300,
CammyW7,1200,
Cap420z,1200,
ilyMyrz,1200,
Brutelxss,1200,
Tempehh,1200,
3Lewis,1200,
Kewefps,1200,
PaddyCod,1200,
ali-_-786,1200,
lethal003,1200,
3FW-,1200,
Dilliii,1200,
Ellys_,1200,
Hazzzarddddd,1200,
NOCTEYE,1200,
FrenzyAM,1100,
Wardrax,1100,
Yokii9,1100,
zcMatt,1100,
itsTWD,1100,
BlinkT3,1100,
TayZ_SSJG,1100,
BigPapa72,1100,
itsHulK-,1100,
Revo67,1100,
KabeyKUN,1100,
TEKEN948,1100,
Uziq-,1100,
pailtinho,1000,
Rockyyy7B,1000,
Ryzzow,1000,
Hellvzn,1000,
aQnQ,1000,
FLCNVampire,1000,
SupremePulse,1000,
SweZn,1000,
Lights_Kaha,1000,
ParadoxFR,1000,
JamboR2J,1000,
-Royaltyy,1000,
BlancFit,1000,
SLoqM,1000,
IBrowZen,1000,
MPZ971,1000,
Thragg__1,1000,
Cheetowunga,1000,
AZ_CM1,1000,
xxPure,1000,
EchoCOD,1000,
OpiuumTV,1000,
skra__,1000,
Ikxrmzz,900,
SShyneez,900,
TJBolt,900,
BMarzy,900,
Cj_0o,900,
xSilver2,900,
zStroker,900,
SDargz,900,
Clarkeee247,900,
ReckzyyCOD,900,
saeRudra,900,
zui,900,
Disrespect13,900,
iiMLK,900,
gunna,900,
TMSpriiint,900,
XizeMVP,800,
Hakari0,800,
ItsLimited,800,
8we2,800,
6Broady,800,
Ackers93,800,
Aido7,800,
NervousRay,800,
Matty1123,800,
calvzilla,800,
DeanoP,800,
iiiLordx,800,
FahadQtr,800,
kidzjoao14,800,
Naqho,700,
KEAZTY,700,
Lenfieldd,700,
Kylecfc18,700,
qMistt,700,
Iixhz,700,
Revoltrandy,700,
Neyross_,700,
JoshQuaKe,700,
l1ndso,700,
ETNOCONTE,700,
Zyrrooo,700,
Daveeef,700,
CCallum,700,
xLucaG,700,
Txlse,700,
cFourth,700,
kaan2002,700,
Prezz,700,
cAbdvllah,700,
4RealDante,700,
Miracllex,700,
Depayy,700,
PapiUnde,700,
puska1112,700,
scorpionZz1,700,
xkbns1,700,
Hypnu,700,
REDDEN_,700,
XSym,700,
Nicely-,700,
FocalH,700,
mishary11,600,
Stirzzy,600,
VindaIooo,600,
HayzNBK,600,
Rakkkanx,600,
Tigherrr,600,
RexsVII,600,
Neewyy01,600,
AntidhoZ,600,
Gambeeno,600,
vWzdy,600,
Omnus_,600,
SilverSQ,600,
Rexia_,600,
raidn143,600,
LeeJ21,600,
xubl,600,
BSeanyy,600,
iibnktheer,600,
anishctb,600,
SARG0-,600,
RayZenS7,600,
i23dec,600,
Nectaring,600,
ifahadd,500,
Lalbash,500,
aliiszn,500,
Fload_,500,
Nesss_-68,500,
LSethKICK,500,
HayJayHJ,500,
_Xotiic1,500,
K_M_I,500,
LuneSama,500,
Edoardo2,500,
SxnErko,500,
byASKAA,500,
LZNLZN,500,
BrutalErazex,500,
TareKMMG,500,
Y-rben,500,
Zitox-,500,
Iriix,500,
Gr33nEagl3,500,
Nebii_EU,500,
Dlux_Rombus,500,
eluxSZN,500,
Jvossie,500,
ezzy95,500,
Theobrown21,500,
Rezeee_,500,
NahaJr,500,
Agataa-,500,
4Audacity,500,
Redvelvez,500,
snow7,500,
Leynn,500,
Elmore_20,500,
Vooooom,500,
Psiko675,500,
Logicxn,500,
cuzely,500,
Midgxt,500,
soulyyBE,500,
PortoRicain,500,
QeeZy23,500,
Naykiuu7,500,
Kohvz,500,
Gianni__54,500,
Djyoses,500,
Gezi96,500,
M8_Neyz,500,
92ryn,500,
SaMi132,500,
Murder2s,500,
Krillin3,500,
Ace444_,400,
Beezyy0,400,
ilyDenzel,400,
FahadSA1,400,
iRecovery,400,
Yugoo19,400,
iSiimpleXBL,400,
KiinG11,400,
DR1C1,400,
vLoneeeeeeee,400,
1SuPeR,400,
DCiaba,400,
Lanquet,400,
TygaCOD,400,
icyszn1,400,
MaybeSilent,400,
KingSloomy,400,
Joonith,400,
BigBassSplsh,400,
JScod,400,
Kina1n,400,
zRakan1,400,
Craisez,400,
sshunterr,400,
rF9ool,400,
Slyzh,400,
SiarraD,400,
TaaqzML,400,
Brohammed,300,
Skrushii,300,
Shaun_Cod,300,
GansTachii,300,
sano95,300,
Predizions,300,
XQ7L,300,
Ygrss,300,
0oAA0o,300,
PraaXou,300,
Xirofy,300,
Jxliiann05,300,
Neylers,300,
Dash-__-,300,
Mgody9,300,
PaulPorter28,300,
Traudey,300,
SORWAREE,300,
Fourius7,300,
Wraith-,300,
Mxgiks5,300,
npshcod,300,
GalliPro,300,
vm7sn1,300,
SAUDILGND,300,
Gusmi_,300,
Sherbz,300,
Hard2u2,300,
Hxffron,300,
2Senseiiii,300,
-3TB,300,
Mentaljr,300,
Cxllumm_,300,
xFrenZz,300,
ClaudioBraga,300,
byBaAcK,300,
Hade404,300,
WexLyy,300,
Zyyyad,300,
KLUNKAA,300,
Graveyardxx,300,
JexeSB,300,
Juice_x,300,
sseniix,300,
PabloSZN1,300,
ZedVK,300,
crix__,300,
HyBriD-1,300,
Mohadu72,300,
MERTTT,300,
BSmithy-,300,
KwynK7,200,
-Dozzer-,200,
itsKinhai,200,
iProshinz,200,
drazeng,200,
ameennr,200,
JJK120,200,
Azaam00,200,
BMerkz,200,
NiekFPS,200,
KashHaci,200,
Primzhy,200,
meerkat_a7fh,200,
qnox11,200,
iMn99,200,
RLX3,200,
zaikokiaz,200,
Swearzo,200,
Biquette3,200,
Mxnster23,200,
Reqza1,200,
Elioooooot,200,
smindd,200,
MikaCoD,200,
iRoVz,200,
BADER_753,200,
JCXeu,200,
Versacex,200,
sleazy_1,200,
zayed2,200,
HurriK1,200,
3Melancholy,200,
Wivenn,200,
beno9,200,
cDead,200,
dadaa93,200,
TrockTR,200,
OnlyThug,200,
Csosk,200,
AidanN2001,200,
Carolads,200,
KingK99,200,
BUTTER_B0T,200,
geto,200,
CMRN_UK,200,
Not-Easy0,200,
-Corrie,200,
banceycastle,200,
ZanKaa-,200,
NeayyzSZN,200,
Xll-,200,
DashErroR,200,
yevrahCOD,200,
oKromyy,200,
Faisall1,200,
Tydeluz,200,
DrunKzzz,200,
Mloookx,200,
RealTalal1,200,
SXNN9,200,
Dragz1,200,
evauu__tt,200,
qfhdd1,200,
KrispyVL,200,
Denebp,200,
KingZuZ_,200,
astr0tv,200,
Vipes_,200,
Rxxees1,200,
ddadisto,200,
Duuped,200,
1Mohammad,200,
ADukeyz,200,
TLIY76,200,
Xdrive44,200,
zSevenn,200,
UnderAg,200,
FWZZZZ,200,
bance432,200,
xBKAR,200,
kwKB24,200,
akkkx,200,
ATCKz,200,
welllll1,200,
Alexiss1233,200,
ziyek,200,
Bigboss_12,100,
BigH_Hudz,100,
ei3z,100,
13Synr,100,
Toya7z,100,
oWexLy,100,
1oBrave1,100,
NTCoD,100,
Dioz1,100,
ward0008,100,
Emilixn,100,
edski7,100,
KezaBons,100,
zaachery,100,
Daykss,100,
Riiingo,100,
sqozar,100,
Kinny19,100,
Lensue,100,
Zappyxo,100,
Slx_Vexed,100,
Morrisaay,100,
JRD2712,100,
Muji612002,100,
GravityIW,100,
iRZQN,100,
xArtistt,100,
StoneCOLDave,100,
Rayandobronx,100,
SezzaHD,100,
is3dii,100,
Whiplash09,100,
PoisonArrow_,100,
-EG1S-,100,
BDDx_,100,
Fariss2,100,
ennawaf,100,
oTurki,100,
Bushidocod,100,
Guadone,100,
7md82,100,
scriptz3,100,
MRookiiee,100,
ClassicOmar,100,
Tauntsy,100,
fullegoo,100,
gunnn2,100,
BondySSK,100,
Eriktosco,100,
skywalker702,100,
Elias2K_,100,
TiGGERyk,100,
brdbury,100,
StokesyFz,100,
br83zo2,100,
ArminMjc_,100,
Sukuna011,100,
wzk12,100,
Kopanpan_,100,
DanCosmic,100,
iNightmare_1,100,
GMZachar,100,
Hayk2l,100,
MaysonlVl,100,
Perkytg,100,
Venom1153,100,
MaybeMeshal,100,
zeyad229,100,
iiMoTioNz,100,
Abdujjawad,100,
qDevon,100,
2KRusky,100,
TheHawk0709,100,
EkberGll,100,
Butrageuno,100,
Swift-2,100,
MusabAB,100,
1Dazzling,100,
QuickNawaf,100,
Shooter583,100,
WhiteRAR,100,
Deksa6,100,
tunaap,100,
llabod,100,
paaNic,100,
TargetDownl,100,
Gen-esis,100,
Sharhy,100,
dpardo22,100,
d7omm1,100,
12d2,100,
7CurZZ,100,
freyzar,100,
Zaykn10,100,
RRhyzm,100,
bbbqX,100,
Flokaa,100,
_QuaR,100,
Kawak1SZ,100,
SnakeWLX,100,
Yazeed84,100,
Attack4k,100,
FallsKw,100,
SilentCOD_,100,
PyraXV1,100,
gagonsy,100,
Baggycod,100,
fkthepope,100,
SULX_,100,
SerialTaxi,100,
Kinghimself2,100,
saauuud,100,
MNSTA1,100,
Qpi3,100,
IAmMacGab2K,100,
Rowland171,100,
NasMcod,100,
iiDeStinYz-,100,
Waroxx-,100,
holachrs,100,
,100,
Rimpo7,100,
Slyy11,100,
-xev,100,
JeyS-,100,
LJ943,100,
IKS_OFF,100,
Slowdiverr,100,
SamSwapi,100,
Zeyad28,100,
ElectrooCOD,100,
Mnzyto7,100,
Clarentt__,100,
qk4b,100,
xLoTzZ_,100,
Smackadan,100,
Ashina1,100,
R2aqu3zez,100,
Blendyy,100,
TimCheese_,100,
SuBu-DON,100,
Fr0gcod,100,
D3YG1,100,
Vandenreich1,100,
Mo2961,100,
xMaarc_,100,
TrickyAr,100,
TazCS,100,
ExahCOD,100,
MsNDKTF,100,
TeD95I,100,
Mossad12,100,
zMauveSquid,100,
w2sed,100,
Sawthing,100,
Loose30,100,
FoKeza,100,
Khaleed20,100,
FearlessIy,100,
HereKILLER,100,
SnappyFG,100,
Raffyszn,100,
VuuQe_,100,
Cyyrox,100,
Cd7om,100,
vSLoM1,100,
Nervs7,100,
VawwX,100,
NKayzee,100,
qBlurry,100,
TMSpriint,100,
oSecretly,100,
x9al7q,100,
iatlass,100,
NinhOo16,100,
IXVninefiv,100,
Zeeyk01,100,
Liamurqs,100,
godNitw0rk,100,
viera3,100,
bosh_tbm,100,
9Curl,100,
Quids_,100,
Kaisss1,100,
iiT2,100,
Fourtyseven2,100,
seventypence,100,
xRedeyye,100,
-Valeyy,100,
xEvanihno,100,
LoowKyy,100,
Skxttless,100,
illicitSZN,100,
Krelly,100,
cSwiin,100,
YoungEpic0,100,
Korbz1,100,
Blue505,100,
ZTKD,100,
Crayzi08,100,
JonnyYT24,100,
ffuze13,100,
IxmBecks,100,
FaiisalSZN,100,
VoLting0,100,
SaltySahur,100,
Joshymaz17,100,
vandamzz,100,
ALMSND,100,
DrNespo,100,
The_Calico,100,
DarkDissolve,100,
SxnMooncake,100,
GenioDhom,100,
AntonyAlfa,100,
maakaq,100,
TerraSZN,100,
yMLK,100,
PooMa_,100,
iCollapsed,100,