LATAM Player,Points,Known Alias
Rafael23521,26250,
sukitaa,26250,
SlayerAR,24000,
DylanSZN,23400,
CotiCR,23400,
TheJokerKun,23200,
ITraDex,22900,
SlyKurii,22200,
Gamerricar,21400,
DEEJSZN,18350,
Caosssss,17750,
FrostyyyN,14300,
8Ronin,14100,
---Indra--,13200,
keodgod,12950,
luchycolombo,12000,
aLegendah,11600,
Sqechy,11450,
Lucho201,11400,
Reasson05,11050,
Nanzless,10600,
NAvArReTeBoY,10200,
zNxcho-,9650,
sYnKrevz,9550,
thebiel,9550,
Sw1ndlerSZN,9550,
Nukera1,9550,
GoSavage,9200,
BanGinBas,9200,
StaMeAX7,9000,
Kik4rdo,8400,
DriKilLogic,8200,
tonHayek,7600,
GodPera,6400,
Fxllzy,6000,
iMKLi,5900,
Migue07,5400,
zanottiblizz,4400,
prestigerich,4400,
lFaake,4200,
jvtor7,4200,
Davicci505,3800,
Machi7,3600,
Narkz_,3600,
Marcosss31,3500,
ManZzano,3400,
Archivies,3400,
Devianchi,3200,
Splyxzz,3000,
Nodish,3000,
zViiTaaL-x,2800,
Anie1,2800,
Ability10,2800,
Joao_Gummy,2600,
Littleboy6ix,2600,
uMagic,2600,
SheedTcaF,2400,
Carpa1aaaa,2200,
RaidSZN,2200,
Drillzz7,2000,
Yaampi,2000,
lStylee,2000,
E7TBE,2000,
SoNNyV2,2000,
tevi19,2000,
Desmayscott,2000,
HashF3,2000,
PinochoV2,2000,
TreMory-,2000,
LianJuD6,2000,
JdKaoz1,1800,
xJerM08x,1800,
TrasFaaa,1600,
ByGonz,1600,
Rexziy,1600,
Ricklie1,1600,
Laniiiii,1600,
zaniniiSZN,1600,
Leli017,1400,
Chrxsap,1200,
NaaacV,1200,
Amnesia07,1200,
Ryxma,1200,
1Menor,1200,
k4k0nc10,1200,
Maaanu98,1200,
LMoller,1200,
KLASYC,1200,
TheGabi-,1200,
Tote4274,1000,
FedeGod1,1000,
brorix,1000,
ShadyHND,1000,
AcesNC,1000,
FearPilo,1000,
lDeathx,800,
ThaneNC,800,
MauroSZN_,800,
MVParalyze,800,
Hlgher,800,
PDLSZN,800,
Boomsito,800,
HybridBR,800,
iExyLon,800,
Combo_Ex,800,
Breiko99,800,
brenofsousa,800,
Jeylex_,600,
Reinek,600,
diegoelmocho,600,
Coorsaaaaa,600,
Jgznxnz,600,
Vico7,600,
TheMartinoL,600,
shotsiil,600,
Zahxrd,600,
Taabyy,600,
feezin1,600,
Relutic,600,
poch-,600,
Roa_1,600,
CerealKkk,600,
nandesGod,600,
Ricciardi,600,
21Bart,600,
smokincod,600,
DenZSZN,600,