NA Player,Points,Known Alias
Prolute_,124550,Prolute
capsidal,110300,Capsidal
CammyM0131,108500,Cammy
Bheans,99500,Beans
Diamondcon,97700,
EriKBooM,93300,
Traixx,91500,
Owakening,88400,
MG2ReaL,87600,2ReaL
Abegotgame3,84250,Abe
BrackCN,79100,Brack
Snoopycod,79000,Snoopy
UlissesCOD,77000,Uli
MrEhx,76900,PaulEhx
Renegade_JW,74700,Renegade
whyeat,74300,
GwinnWRLD,71750,Gwinn
DillonWrecks,69500,
GodRuper,69500,
oJhnny,69100,Johnny
S23x,68900,
allxka_,67100,Alluka
xtcyxxx,63700,
MillyDaGunny,63600,Milly
Asim6ix,63600,Asim
Mackk10,62800,Mack
Standykun,62550,Standy
AidenIconZ,61700,IconZ
FlamesJA,61400,Flames
m4sk1ller,60700,
KingAbody,60100,
Nemensions,58800,
ffire_,57650,Fear
vikrzm,56500,
AfroAstro,56500,Afro
AlecArcitys,53600,Arcitys
F3L0,52000,Felo
Swootyy_,47500,Swooty
7Dak,47000,Dak
okis1,45900,Okis
qk4b,45100,
Manny7F,43100,Manny
peelzc,40300,
Vivid5,38850,Vivid
NateTerm,38700,Nate
knox511,37900,Knox
prodahh,37500,
Mince3,37000,Mince
Tkaylol,36900,Tkay
darksived,33000,
itsspart,32800,Spart
Cimbels,31600,
mi7age,31400,
lleib,27100,
Phantomz21,26000,
Booger2,25800,
-DTG,25550,
cWadz,25500,
Veilleux,25500,
Priestahh,23500,
NiumFPS,21800,Nium
Kips8,21800,Kips
andiszn,21600,
Noysii,20300,
Fame_mK,20200,
rSkiLx,19600,
Gunsiii,19600,
KuavoKenny,18800,
Hitmxnn,18100,
zoonerus,17900,
CoutiSZN,16500,
PatCryptic,16000,
Ryann0_,15850,
Swagchecked,15700,
Dessieloso,15550,
CHOCO707,15500,
Conwa2112,15300,
VinnyReaper,15200,
cxnfid,13700,
-ChrisRadial,13500,
USProdigy,12900,
CrazieViews,12800,
proffyS,12700,
JohnXotic,12150,
CCareful,11850,
SirJett,10900,
JuaSzn,10700,
Whiizdom,10700,
ohCrow,10500,
qToxn,9000,
HamzaFrosty,9000,
DTBDreazy,8900,
NotMiso1,8800,
nekra9,8600,
Server_-,8300,
9sit,8250,
reealcinco,8250,
yx9,8100,
Landoughh,8100,
NikoIsFree,8000,
Kuhlect,7950,
Loojjj,7700,
Furgei,7700,
drizpack,7400,
LordJosh,7300,
VersaiiSeth,7200,
H8ME_NA,7200,
ItsIshh,7100,
Nejrra,7100,
Sploady,7000,
Booedha,7000,
CruzeeyCOD,7000,
Gunlessan,6900,
Encourage23,6800,
dylhusk,6700,
AJBeams,6600,
KingJay720,6600,
KyleGroovy,6400,
Hidewithin,6200,
Peachuhs,6200,
Censor21,6200,
i2Waves,6100,
Mitch04,6100,
AnuraXO,5900,
Mythycall,5800,
soosleepy,5800,
DroxyTX,5700,
blurrblurr,5700,
gDelo,5600,
1tKobe,5600,
not_cpr,5600,
DONKEY532,5400,
7Heis,5400,
ItsStewyy,5300,
8doughrr,5300,
awlu,5200,
cliqt,5200,
7Ezra,5100,
3Aytee,5100,
wtwevy,5000,
tooCrai,4900,
6Kannon,4900,
NastyyWCi,4700,
Sky1of1,4700,
1Swaan,4600,
goatedkatze,4600,
eternalswrld,4600,
itsSteevo_,4600,
Vizmah,4400,
NotCloutzy,4400,
Rizy06,4400,
africa8,4300,
astnCOD,4300,
Mattcod,4200,
othawize,4200,
YeezCF,4100,
Llama2x,4100,
eZeKoala,4000,
7thbang,4000,
EJCod,4000,
byohzrd,4000,
Sizkie,4000,
Im_Frost,4000,
Trimmier,4000,
Praise1k,3900,
Kexrat,3800,
deceptionss,3750,
sevyy,3700,
tevvinn,3700,
ferdaNF,3600,
cabasay,3400,
2lostt,3300,
Saintfully,3200,
vSolar,3200,
Hastethegoat,3100,
NAFlashy,3100,
notorriouz,3100,
MajorMorder,3100,
NickMansionz,2900,
ExceedLbx,2900,
tKayX,2900,
HaleBlake,2800,
TJHaLy,2800,
calamityjz,2700,
jayandre,2700,
9asylum,2700,
goulXO,2700,
19Chut,2600,
Viciousan,2600,
xCryox,2600,
Youtubeconn,2600,
Besmol,2600,
RightsCod,2600,
TJSwayz,2600,
AaronSukry,2500,
Lazyyykun,2500,
BrandoGBZ,2400,
Dairee,2300,
Yakzn,2300,
MVPrecision,2300,
lazahh,2300,
Remlx07,2300,
JordanB19,2300,
chang,2300,
iLLRizz,2200,
draken12,2200,
3rot_,2200,
ColtHavok,2100,
nlmbdee,2000,
Bwpx,2000,
Ihzayah,2000,
Phanatic35,2000,
Dxunt,1900,
L2WithNoiq,1900,
2xazure,1900,
Carr98K,1800,
Cireins,1800,
Plalism,1800,
JumpyAC,1800,
Curzeh,1800,
ouhdom,1800,
kLoH28,1800,
CanadianNeb,1700,
Criticzy,1700,
Godformzy,1700,
Rainsznn,1700,
Zilyent_Live,1700,
fcyle10,1700,
codbeast10,1700,
FaithDemon,1700,
oScottaye,1600,
Crit1q,1600,
AggroRG,1600,
ProtocolXO,1600,
Anthreddy,1600,
Prestinni,1600,
RosaaGunss,1600,
diffmoves,1600,
omnihtx,1600,
Geen4,1600,
vXHype,1600,
Gleefulll,1600,
slaterCoD,1500,
SadTX,1500,
jay2161,1500,
ZepocsCOD,1500,
MicahWASD,1500,
TBEBrooks,1500,
MasonReactt,1500,
loveStarryy,1400,
DifferentSAR,1400,
ShiverrCod,1400,
Cyborg13x,1400,
SlaesXO,1400,
1Reflex,1400,
Arimes1,1400,
RevvyTBE,1400,
Antifyed,1400,
sethcdl,1400,
ManAPost,1300,
IToggle4521,1300,
Slammedhuh,1300,
Saletic_,1300,
Trusie,1300,
chipcod,1300,
Flexin10,1300,
ImNSanity,1300,
zMalice,1300,
lijahcod,1300,
RavoXcod,1300,
NKHayes,1300,
Marskies,1300,
6evas,1300,
VaderTrik,1300,
8Zen,1200,
Mxrxus,1200,
MoMoCOD,1200,
CCUJake,1200,
vcplix,1200,
GodPlzzz,1200,
CompaPeak,1200,
Evoqe_,1100,
9REME,1100,
Drafts_,1100,
sHRimpRoLL5,1100,
NOBI3,1100,
BGfasho,1100,
KoiGG_,1100,
edzonsluv,1100,
slutstim,1000,
slimbus,1000,
Ajax_SZN,1000,
Kiodmdl,1000,
Campz-_-,1000,
Horizinsfall,1000,
Jduncann,1000,
CapFell,1000,
Sm2Ke,1000,
GRiM98,1000,
Rekxzen,1000,
Mannyovo_xo,1000,
kirbyszn,1000,
5Sovereign,900,
riccirichie,900,
BadmonAJ,900,
Yosmoney,900,
SparKzKev,900,
iDaniboii,900,
DaGetsuga,900,
oLazer,900,
Maswann,900,
9Frex,900,
demyansk,900,
GouJaa,900,
00june,900,
Fawsdog,900,
DrillzOX,900,
CelionXo,900,
JTSolo,900,
BobbyoSnobby,800,
-_bacon_-,800,
DATGUY0,800,
AntDMDL,800,
outbeam,800,
butzyy,800,
2Fei,800,
GrimMelts,800,
Joeyblows,800,
TBECj,800,
itz38_,800,
jayspazz,800,
DevIsFrosTy,800,
hyper343,800,
realEXOTIC,800,
itsVoid,800,
SosaSzn,800,
HonorFNL,800,
ZukoCod,700,
its_DVS,700,
Camboh3k,700,
Hyornmaru,700,
xAction_,700,
TylerPhylm,700,
_ensena,700,
Tuckd_,700,
reebaaa,700,
juicerdmdl,600,
Pixyz,600,
MWRetro,600,
ColdSZN_,600,
Lxpsy,600,
Infinityy_H,600,
6Stef,600,
Quit1233,600,
dreamzsss,600,
wargo7,600,
--Yasha,600,
PacelR,600,
ThreDii,600,
featuremulan,600,
Proximine,600,
BoogieBooge,600,
ETP1of1,600,
Dayziest,600,
LoveFrizzy,600,
Gingiie,600,
BiggieChee55,600,
icy97-,600,
TheDarkGoonr,600,
Jaqsun,600,
RidezT,600,
hopecod,500,
ZeusF3,500,
NYCRoshii,500,
Itz_Ju1ce,500,
Bennybbravo,500,
Sully222,500,
KTBlitz,500,
DeeBoogie,500,
BKinetic,500,
JonzyFPS,500,
XDEMON,500,
whywedo1,500,
BIGSTEPPA_,500,
W4RZY,500,
Batemanfries,500,
mstall,500,
DylanEXE,500,
lilshanks,500,
whoisreflex,500,
eresbando_,500,
Duffie91,500,
hezerbef,500,
Medecate,500,
Kersaa,500,
Reliquant,500,
Wrihs,500,
Whelmed_,500,
Grimzey1k,500,
SlimReapa,500,
Maki245,500,
Legislate_,500,
1Drewskies,500,
Toremeant,500,
samslayss,500,
V9king,500,
TrixstaELT,400,
Phlyyling,400,
MkJinx_,400,
ProphCOD,400,
wehsly,400,
NobleSZN,400,
Mohak-_-,400,
ImpactGreed,400,
ItssSnoop,400,
Reaper8481,400,
accusating,400,
7Chuyy,400,
Tysheid,400,
Antoniov30,400,
NicerSMG,400,
Reapr58,400,
spazzafnf,400,
Afraidszn,400,
OPeeeex,400,
NathanCrysis,400,
n4tegee,400,
ZodCod,400,
fwAjay,400,
gng1603,400,
clxrion,400,
DaddyDirect,400,
ohvoidz,400,
tteJ,400,
Sporgod,400,
TRS_Rival,400,
sithjake,400,
Big_Freaky,400,
KaiserTW,400,
Selivz,400,
jotimus,400,
KillGrime,400,
JamzSZN,400,
Lure,300,
yGull,300,
cnineteen,300,
Fohsey,300,
OGSways,300,
Juiciee,300,
iiTzVoyage,300,
diZtawd,300,
Brobee3,300,
SyaroW_,300,
StollyCOD,300,
KevoKrueger,300,
Speedy02_,300,
Disfigured11,300,
ImR1LO,300,
sc0ttxo,300,
AimKunREAL,300,
HapticDS,300,
FemboyFousey,300,
HybridXO-,300,
xSaax,300,
Kbeasly,300,
BenjiiSlays,300,
slimzISace,300,
1Chxnce,300,
mateskun,300,
obee,300,
h8yunga,300,
eGoEski,300,
YGF_Gxno,300,
Milkk_Money,300,
1rmze,300,
PANIC562,300,
JSlix,300,
xXPele,300,
v__n,300,
DOA--,300,
colebini,300,
PoloDad,300,
NXT_king,200,
wetjetty,200,
o3Mono,200,
oNiftyy,200,
ResolveWCi,200,
amityxo,200,
AngelRN,200,
Brous3,200,
NotShocky,200,
cocoisgod,200,
EXWRLD_,200,
Vo1d_SZN,200,
AimbotAndrix,200,
Fysicalz,200,
Igrisk,200,
CoZyAndrew,200,
dawcod,200,
Hunter2326,200,
HisokaT42,200,
Volatal,200,
TTinyy,200,
8sinful,200,
rvvngful,200,
Killubyhte,200,
Vertigohh,200,
6ryann,200,
Akisonna,200,
icedcubes,200,
jbian,200,
adog9,200,
KingOnyx,200,
JarranPluto,200,
Paraylxsis,200,
Reaperx6z,200,
jayhem,200,
WTWsully,200,
GloCent,200,
Cribb--,200,
notav,200,
JustnnRT,200,
Texties,200,
Unstockz,200,
Zoom_SZN,200,
Strezykun,200,
CoZyBobby,200,
yhapo-,200,
ZaviiTX,200,
TankSznnn,200,
KKostah,200,
Uraraka-,200,
Steele24,200,
emlyric,200,
Vapor_suks,200,
jellybeans18,200,
JMedro,200,
SafariFatty1,200,
fdberic,200,
UNDERWRLD7,200,
JoeWicked,200,
Splashy_SZN,200,
Surge05,200,
Arabian67,200,
MissionaryS,200,
bengyxo,200,
frotzpm,200,
RoyaLBeams,200,
jc115_,200,
Ark1x,200,
Yusaok,200,
RackViCanada,200,
Proxzify,200,
stunnahwunna,200,
h3llstar,200,
VIBEx0x,200,
Trinitywtw,200,
Noelbeams,200,
Painsxy,200,
MiloSPF,200,
Askhuu,200,
UNCMONK,200,
wurqn,200,
NVBIbber,200,
iDrewwy,200,
Scrxppy,100,
illeyyy,100,
Suurvv,100,
slomoh,100,
_Matrix_,100,
DaBestSakura,100,
_9op,100,
homiXidefr,100,
Blissads,100,
OGGamerdude,100,
Saavvvyyy,100,
Bonn1z,100,
FettyEP,100,
ReqoilDMDL,100,
jaxbk,100,
Saint__T,100,
Float0001,100,
Outkast_Cod,100,
RDE_HitMan,100,
Frosty_BB,100,
xoKuri,100,
Impulze05,100,
RayzThePopee,100,
vaolkry,100,
Royyall1,100,
OO7Melo,100,
DeliriousSZN,100,
GJMike7,100,
CoPyJr,100,
kkrone,100,
Sells10,100,
FacXioNs,100,
HHau7e,100,
YoungGunner1,100,
thejayoshow,100,
JahWCi,100,
bubudubu,100,
rotcivlil,100,
Xorbs,100,
Sleezzyy1,100,
Crimtext,100,
NiceCod,100,
xNotForgoten,100,
Prieacher,100,
zeloxcitys,100,
Scareacy,100,
AsianGods,100,
Batty43,100,
Phancomes,100,
Obadiah,100,
charm-iwnl,100,
Hulvc,100,
RemorseSZN,100,
6eor9e,100,
aaf19,100,
Ruyzzi,100,
lKarzz,100,
cyrusCJ,100,
wood407,100,
talitryz,100,
SlangWayne,100,
McMillvn,100,
xklaw_,100,
MrTriflex,100,
DDiagram,100,
GinTheJok3,100,
Axify_,100,
Jdottszn,100,
draftygg,100,
SlimmyTB,100,
kahjj,100,
Dxydren,100,
braddlesCOD,100,
SkyzzKC,100,
Cozzi-,100,
AcaiNeZ,100,
JealousAF,100,
TargetEMP,100,
Neroli,100,
Ru_ben_,100,
YukiAimLexur,100,
Brisky1x,100,
TheRawPrince,100,
kScam,100,
Blossombeams,100,
ItsThun,100,
LiMe2s,100,
Premnnt,100,
relaxingt44,100,
Bore0,100,
xTBF,100,
ImLog,100,
OreoXVO,100,
KiahFPS,100,
Y3TZII,100,
Moonyv5,100,
ev0kehd,100,
DeadlyReads,100,
nSplxsh,100,
Suppressecl,100,
duhbezz,100,
DnteDivicno,100,
Ruptxerz,100,
ProxyySZN,100,
Hyphing_,100,
Cloudziy,100,
UnoYMK,100,
EEnvied,100,
Hxpno,100,
UnknownAndyy,100,
defnotkenzz,100,
ebug878,100,
Fecoy,100,
kugosznn,100,
Epac85,100,
Zurey,100,
Artteyy,100,
ReplaysSZN,100,
Hxxrtbreakz,100,
Ativan2,100,
6ster,100,
zFmj_,100,
murrkk,100,
Trinstincts,100,
not_xyz,100,
Peepingss,100,
ArsenalCoD,100,
Tsunii,100,
RickyStacy,100,
Shakezzy,100,
HaceCDL,100,
Gods_,100,
JayRaySlays,100,
oMethodic,100,
XolexLive,100,
natesherlock,100,
Wizzszn,100,
Imaginefps,100,
Lance18,100,
EnvyMe1,100,
MizzMidnight,100,
ExpoSZN,100,
Redditttt,100,
Forklifted28,100,
iiPure,100,
Exhausteedd,100,
Sharky33,100,
Vasifyy,100,
Myqhol,100,
sweetsbanned,100,
zuayy,100,
CertCod,100,
JannikProd,100,
mandoxen,100,
Twirlingz,100,
Gunmagazine,100,