Player,Team,Matches,,,Maps,,,Overall,,,,,,,,,,,,,,,,Hardpoint,,,,,,,,,,,,,,,,,,,,,,,,,,Search and Destroy,,,,,,,,,,,,,,,,,,,,,,,,,,,,Overload,,,,,,,,,,,,,,,,,,,,,,,,
,,Total,Ws,Ls,Total,Ws,Ls,K,D,K/D,A,KA/D, +/- ,N/T,NT%,HS,2259659,DMG/K,DMG/10,R K/D,K/10,SR,DR,Maps,Ws,Ls,PF,PA,K,D,K/D,A,KA/D, +/- ,N/T,NT%,HS,DMG,DMG/K,HT,HT/10,ObjK,CON,K/10,D/10,A/10,DMG/10,E/10,TIME,Maps,Ws,Ls,RF,RA,K,D,K/D,A,KA/D, +/- ,N/T,NT%,HS,DMG,DMG/K,Pl,Def,FBs,FDs,FB%,WR%,K/R,D/R,A/R,DMG/R,E/R,Rds,Maps,Ws,Ls,RF,RA,K,D,K/D,A,KA/D, +/- ,N/T,NT%,HS,DMG,DMG/K,GLS,GLS/10,OCK,K/10,D/10,A/10,DMG/10,E/10,TIME
Capsidal,TBG,6,3,3,22,13,9,354,393,0.90,144,1.27,-39,238,67%,6,46145,130,2883,0.91,22.72,81.25,10772,8,5,3,1797,1621,180,209,0.86,72,1.21,-29,120,67%,6,24011,133,557,66.92,64,82,21.63,25.11,8.65,2885,46.74,83.23,8,4,4,36,32,42,49,0.86,14,1.14,-7,27,64%,4,6562,156,7,0,8,15,12%,35%,0.62,0.72,0.21,97,1.34,68,6,4,2,28,22,132,135,0.98,58,1.41,-3,91,69%,6,15572,118,15,2.77,9,24.41,24.96,10.72,2879,49.37,54.08
Prolute,TBG,6,3,3,22,13,9,414,372,1.11,179,1.59,42,279,67%,7,56262,136,3524,1.11,26.51,95.11,13087,8,5,3,1797,1621,210,190,1.11,89,1.57,20,143,68%,7,28758,137,649,77.97,74,68,25.23,22.83,10.69,3455,48.06,83.23,8,4,4,36,32,50,43,1.16,21,1.65,7,32,64%,4,7874,157,7,1,8,10,12%,44%,0.74,0.63,0.31,116,1.37,68,6,4,2,28,22,154,139,1.11,69,1.60,15,104,68%,6,19630,127,5,0.92,10,28.47,25.70,12.76,3630,54.18,54.08
Cammy,TBG,6,3,3,22,13,9,408,384,1.06,172,1.51,24,271,66%,7,55939,137,3502,1.08,26.58,92.81,12984,8,5,3,1797,1621,206,202,1.02,78,1.41,4,140,68%,7,28033,136,583,70.04,75,73,24.75,24.27,9.37,3368,49.02,83.23,8,4,4,36,32,43,47,0.91,23,1.40,-4,28,65%,5,7852,183,0,1,3,3,4%,50%,0.63,0.69,0.34,115,1.32,68,6,4,2,28,22,159,135,1.18,71,1.70,24,103,65%,7,20054,126,5,0.92,7,29.40,24.96,13.13,3708,54.36,54.08
Traixx,TBG,6,3,3,22,13,9,440,389,1.13,161,1.54,51,295,67%,8,53649,122,3442,1.14,28.62,101.00,12363,8,5,3,1797,1621,237,208,1.14,77,1.51,29,148,62%,8,28137,119,472,56.71,74,79,28.47,24.99,9.25,3380,53.46,83.23,8,4,4,36,32,47,44,1.07,17,1.45,3,35,74%,6,6384,136,3,3,7,14,10%,33%,0.69,0.65,0.25,94,1.34,68,6,4,2,28,22,156,137,1.14,67,1.63,19,112,72%,6,19128,123,3,0.55,8,28.84,25.33,12.39,3537,54.18,54.08
Mish,ATL,2,0,2,6,0,6,110,117,0.94,36,1.25,-7,68,62%,7,14388,131,3626,0.98,28.35,94.78,12531,2,0,2,185,500,46,51,0.90,19,1.27,-5,26,57%,4,5878,128,65,40.84,10,4,28.90,32.04,11.94,3693,60.94,15.92,2,0,2,5,12,7,12,0.58,2,0.75,-5,4,57%,3,1215,174,0,0,0,4,0%,0%,0.41,0.71,0.12,71,1.12,17,2,0,2,7,9,57,54,1.06,15,1.33,3,38,67%,7,7295,128,3,1.47,9,27.92,26.45,7.35,3573,54.37,20.42
Mint,ATL,2,0,2,6,0,6,72,117,0.62,38,0.94,-45,49,68%,5,10956,152,2563,0.61,17.34,61.67,9667,2,0,2,185,500,25,47,0.53,14,0.83,-22,18,72%,3,3884,155,64,40.21,7,8,15.71,29.53,8.80,2440,45.24,15.92,2,0,2,5,12,9,14,0.64,4,0.93,-5,4,44%,3,1645,183,0,1,1,0,6%,100%,0.53,0.82,0.24,97,1.35,17,2,0,2,7,9,38,56,0.68,20,1.04,-18,27,71%,5,5427,143,2,0.98,0,18.61,27.43,9.80,2658,46.04,20.42
Pengie,ATL,2,0,2,6,0,6,100,117,0.85,28,1.09,-17,59,59%,4,12699,127,2919,0.80,22.84,87.96,11295,2,0,2,185,500,33,49,0.67,16,1.00,-16,19,58%,3,4424,134,93,58.43,15,15,20.73,30.79,10.05,2779,51.52,15.92,2,0,2,5,12,17,13,1.31,1,1.38,4,11,65%,4,2092,123,0,2,4,3,24%,57%,1.00,0.76,0.06,123,1.76,17,2,0,2,7,9,50,55,0.91,11,1.11,-5,29,58%,4,6183,124,1,0.49,9,24.49,26.94,5.39,3028,51.43,20.42
Aveerse,ATL,2,0,2,6,0,6,79,112,0.71,30,0.97,-33,52,66%,6,11822,150,2717,0.70,18.99,66.67,10292,2,0,2,185,500,26,47,0.55,15,0.87,-21,15,58%,3,3826,147,17,10.68,10,4,16.34,29.53,9.42,2404,45.86,15.92,2,0,2,5,12,10,14,0.71,1,0.79,-4,7,70%,3,1949,195,0,0,4,1,24%,80%,0.59,0.82,0.06,115,1.41,17,2,0,2,7,9,43,51,0.84,14,1.12,-8,30,70%,6,6047,141,1,0.49,1,21.06,24.98,6.86,2962,46.04,20.42
DK,OMT,6,6,0,23,19,4,468,401,1.17,200,1.67,67,328,70%,9,59077,126,3536,1.14,28.77,101.21,13061,8,6,2,1898,1457,227,215,1.06,118,1.60,12,157,69%,9,29341,129,757,91.30,91,45,27.38,25.93,14.23,3539,53.31,82.92,8,7,1,45,23,49,35,1.40,19,1.94,14,32,65%,6,7576,155,1,1,6,2,9%,75%,0.72,0.51,0.28,111,1.24,68,7,6,1,41,19,192,151,1.27,63,1.69,41,139,72%,7,22160,115,10,1.59,16,30.61,24.07,10.04,3532,54.68,62.73
Denza,OMT,6,6,0,23,19,4,394,439,0.90,180,1.31,-45,241,61%,10,50754,129,3034,0.85,23.62,87.29,11273,8,6,2,1898,1457,199,248,0.80,99,1.20,-49,108,54%,4,25725,129,549,66.21,80,70,24.00,29.91,11.94,3103,53.91,82.92,8,7,1,45,23,50,36,1.39,14,1.78,14,35,70%,10,6568,131,10,1,11,7,16%,61%,0.74,0.53,0.21,97,1.26,68,7,6,1,41,19,145,155,0.94,67,1.37,-10,98,68%,7,18461,127,11,1.75,7,23.11,24.71,10.68,2943,47.82,62.73
Aspekt,OMT,6,6,0,23,19,4,461,436,1.06,203,1.52,25,281,61%,7,59538,129,3682,1.07,29.11,100.83,13123,8,6,2,1898,1457,260,226,1.15,118,1.67,34,159,61%,7,32554,125,394,47.52,65,44,31.36,27.26,14.23,3926,58.61,82.92,8,7,1,45,23,37,41,0.90,18,1.34,-4,22,59%,6,5905,160,2,1,3,12,4%,20%,0.54,0.60,0.26,87,1.15,68,7,6,1,41,19,164,169,0.97,67,1.37,-5,100,61%,6,21079,129,12,1.91,8,26.14,26.94,10.68,3360,53.08,62.73
Ethan,OMT,6,6,0,23,19,4,519,458,1.13,179,1.52,61,328,63%,8,63362,122,3718,1.07,30.55,116.23,14138,8,6,2,1898,1457,261,235,1.11,87,1.48,26,171,66%,8,30881,118,539,65.01,78,54,31.48,28.34,10.49,3724,59.82,82.92,8,7,1,45,23,74,43,1.72,16,2.09,31,51,69%,5,9212,124,1,2,20,7,29%,74%,1.09,0.63,0.24,135,1.72,68,7,6,1,41,19,184,180,1.02,76,1.44,4,106,58%,6,23269,126,8,1.28,18,29.33,28.69,12.11,3709,58.02,62.73
Slade,TPC,2,0,2,7,1,6,101,155,0.65,32,0.86,-54,56,55%,4,12867,127,2555,0.64,20.52,74.77,9698,3,0,3,352,750,57,86,0.66,16,0.85,-29,31,54%,4,6798,119,84,30.29,19,18,20.55,31.01,5.77,2451,51.56,27.73,2,1,1,6,9,9,12,0.75,2,0.92,-3,5,56%,3,1414,157,3,0,1,3,7%,25%,0.60,0.80,0.13,94,1.40,15,2,0,2,3,15,35,57,0.61,14,0.86,-22,20,57%,4,4655,133,0,0.00,2,20.47,33.33,8.19,2722,53.80,17.10
Booger,TPC,2,0,2,7,1,6,115,149,0.77,49,1.10,-34,57,50%,5,15581,135,3173,0.75,22.97,86.42,11511,3,0,3,352,750,63,84,0.75,23,1.02,-21,34,54%,3,8819,140,57,20.55,17,11,22.72,30.29,8.29,3180,53.00,27.73,2,1,1,6,9,12,11,1.09,0,1.09,1,7,58%,5,1357,113,0,0,2,4,13%,33%,0.80,0.73,0.00,90,1.53,15,2,0,2,3,15,40,54,0.74,26,1.22,-14,16,40%,3,5405,135,1,0.58,3,23.39,31.58,15.20,3161,54.97,17.10
eH,TPC,2,0,2,7,1,6,103,158,0.65,48,0.96,-55,58,56%,5,15462,150,3020,0.64,21.19,74.79,11868,3,0,3,352,750,55,91,0.60,26,0.89,-36,31,56%,5,8297,151,120,43.27,22,27,19.83,32.81,9.38,2992,52.64,27.73,2,1,1,6,9,8,10,0.80,4,1.20,-2,4,50%,3,1922,240,0,0,1,1,7%,50%,0.53,0.67,0.27,128,1.20,15,2,0,2,3,15,40,57,0.70,18,1.02,-17,23,58%,4,5243,131,1,0.58,7,23.39,33.33,10.53,3066,56.73,17.10
Kez,TPC,2,0,2,7,1,6,109,141,0.77,59,1.19,-32,63,58%,4,16037,147,3292,0.78,22.75,78.51,11854,3,0,3,352,750,63,81,0.78,36,1.22,-18,38,60%,4,9874,157,127,45.79,23,9,22.72,29.21,12.98,3560,51.92,27.73,2,1,1,6,9,7,11,0.64,3,0.91,-4,4,57%,3,1280,183,0,0,2,1,13%,67%,0.47,0.73,0.20,85,1.20,15,2,0,2,3,15,39,49,0.80,20,1.20,-10,21,54%,3,4883,125,1,0.58,4,22.81,28.65,11.70,2856,51.46,17.10
Dylan,DCM,2,0,2,6,0,6,98,124,0.79,34,1.06,-26,50,51%,5,12531,128,2690,0.79,21.23,77.80,9998,2,0,2,305,500,42,56,0.75,13,0.98,-14,19,45%,3,5323,127,58,28.52,7,14,20.66,27.54,6.39,2618,48.20,20.33,2,0,2,6,12,12,15,0.80,3,1.00,-3,6,50%,5,1635,136,3,0,1,4,6%,20%,0.67,0.83,0.17,91,1.50,18,2,0,2,6,10,44,53,0.83,18,1.17,-9,25,57%,3,5573,127,2,0.99,2,21.82,26.28,8.93,2763,48.10,20.17
Caoss,DCM,2,0,2,6,0,6,113,119,0.95,40,1.29,-6,65,58%,6,14406,127,3179,1.01,25.68,87.44,11487,2,0,2,305,500,51,51,1.00,20,1.39,0,27,53%,6,6623,130,93,45.74,16,19,25.08,25.08,9.84,3257,50.16,20.33,2,0,2,6,12,9,16,0.56,2,0.69,-7,7,78%,2,1532,170,0,1,1,5,6%,17%,0.50,0.89,0.11,85,1.39,18,2,0,2,6,10,53,52,1.02,18,1.37,1,31,58%,3,6251,118,1,0.50,2,26.28,25.79,8.93,3100,52.07,20.17
Coti,DCM,2,0,2,0,0,0,0,0,#DIV/0!,0,#DIV/0!,0,0,#DIV/0!,0,0,#DIV/0!,#DIV/0!,#DIV/0!,#DIV/0!,#DIV/0!,#DIV/0!,0,0,0,0,0,0,0,#DIV/0!,0,#DIV/0!,0,0,#DIV/0!,0,0,#DIV/0!,0,#DIV/0!,0,0,#DIV/0!,#DIV/0!,#DIV/0!,#DIV/0!,#DIV/0!,0.00,0,0,0,0,0,0,0,#DIV/0!,0,#DIV/0!,0,0,#DIV/0!,0,0,#DIV/0!,0,0,0,0,#DIV/0!,#DIV/0!,#DIV/0!,#DIV/0!,#DIV/0!,#DIV/0!,#DIV/0!,0,0,0,0,0,0,0,0,#DIV/0!,0,#DIV/0!,0,0,#DIV/0!,0,0,#DIV/0!,0,#DIV/0!,0,#DIV/0!,#DIV/0!,#DIV/0!,#DIV/0!,#DIV/0!,0.00
Tradex,DCM,2,0,2,6,0,6,88,140,0.63,38,0.90,-52,44,50%,4,11247,128,2463,0.64,19.51,66.76,8702,2,0,2,305,500,34,64,0.53,20,0.84,-30,20,59%,4,4512,133,126,61.97,13,27,16.72,31.48,9.84,2219,48.20,20.33,2,0,2,6,12,9,17,0.53,2,0.65,-8,4,44%,2,1273,141,0,1,2,3,11%,40%,0.50,0.94,0.11,71,1.44,18,2,0,2,6,10,45,59,0.76,16,1.03,-14,20,44%,3,5462,121,1,0.50,3,22.31,29.26,7.93,2708,51.57,20.17
Mythix,P7E,5,2,3,18,9,9,385,325,1.18,128,1.58,60,233,61%,7,46212,120,3450,1.16,28.50,104.14,12473,7,3,4,1318,1459,176,173,1.02,58,1.35,3,100,57%,5,21477,122,374,55.71,57,57,26.22,25.77,8.64,3199,51.99,67.13,6,3,3,28,30,53,38,1.39,16,1.82,15,33,62%,5,6023,114,0,1,7,7,12%,50%,0.91,0.66,0.28,104,1.57,58,5,3,2,17,20,156,114,1.37,54,1.84,42,100,64%,7,18712,120,3,0.61,9,31.60,23.09,10.94,3790,54.69,49.37
Henry,P7E,5,2,3,18,9,9,294,345,0.85,138,1.25,-51,166,56%,6,38301,130,2891,0.86,22.23,80.90,10494,7,3,4,1318,1459,159,175,0.91,62,1.26,-16,91,57%,6,20129,127,409,60.92,51,73,23.68,26.07,9.24,2998,49.75,67.13,6,3,3,28,30,35,45,0.78,24,1.31,-10,20,57%,4,4621,132,9,1,10,4,17%,71%,0.60,0.78,0.41,80,1.38,58,5,3,2,17,20,100,125,0.80,52,1.22,-25,55,55%,4,13551,136,5,1.01,9,20.26,25.32,10.53,2745,45.58,49.37
FDot,P7E,5,2,3,18,9,9,314,344,0.91,142,1.33,-30,183,58%,5,43539,139,3190,0.91,23.86,85.61,12043,7,3,4,1318,1459,164,171,0.96,72,1.38,-7,90,55%,4,21998,134,269,40.07,44,77,24.43,25.47,10.72,3277,49.90,67.13,6,3,3,28,30,36,38,0.95,16,1.37,-2,27,75%,5,6372,177,3,1,11,9,19%,55%,0.62,0.66,0.28,110,1.28,58,5,3,2,17,20,114,135,0.84,54,1.24,-21,66,58%,4,15169,133,2,0.41,4,23.09,27.35,10.94,3073,50.44,49.37
Harry,P7E,5,2,3,18,9,9,317,298,1.06,125,1.48,19,194,61%,8,42358,134,3090,1.04,23.43,86.48,11775,7,3,4,1318,1459,152,159,0.96,69,1.39,-7,88,58%,5,21713,143,411,61.22,54,47,22.64,23.68,10.28,3234,46.33,67.13,6,3,3,28,30,44,36,1.22,15,1.64,8,21,48%,5,6364,145,5,4,8,1,14%,89%,0.76,0.62,0.26,110,1.38,58,5,3,2,17,20,121,103,1.17,41,1.57,18,85,70%,8,14281,118,7,1.42,12,24.51,20.86,8.31,2893,45.37,49.37
Fighta,MFK,5,2,3,17,6,11,305,339,0.90,149,1.34,-34,179,59%,6,40582,133,3111,0.91,23.46,84.44,11267,6,1,5,1258,1439,165,175,0.94,87,1.44,-10,84,51%,6,22008,133,438,66.00,60,84,24.86,26.37,13.11,3316,51.23,66.37,6,3,3,23,29,31,39,0.79,12,1.10,-8,21,68%,4,4237,137,6,0,5,3,10%,63%,0.60,0.75,0.23,81,1.35,52,5,2,3,17,19,109,125,0.87,50,1.27,-16,74,68%,6,14337,132,3,0.59,16,21.61,24.78,9.91,2842,46.38,50.45
Setz,MFK,5,2,3,0,0,0,0,0,#DIV/0!,0,#DIV/0!,0,0,#DIV/0!,0,0,#DIV/0!,#DIV/0!,#DIV/0!,#DIV/0!,#DIV/0!,#DIV/0!,0,0,0,0,0,0,0,#DIV/0!,0,#DIV/0!,0,0,#DIV/0!,0,0,#DIV/0!,0,#DIV/0!,0,0,#DIV/0!,#DIV/0!,#DIV/0!,#DIV/0!,#DIV/0!,0.00,0,0,0,0,0,0,0,#DIV/0!,0,#DIV/0!,0,0,#DIV/0!,0,0,#DIV/0!,0,0,0,0,#DIV/0!,#DIV/0!,#DIV/0!,#DIV/0!,#DIV/0!,#DIV/0!,#DIV/0!,0,0,0,0,0,0,0,0,#DIV/0!,0,#DIV/0!,0,0,#DIV/0!,0,0,#DIV/0!,0,#DIV/0!,0,#DIV/0!,#DIV/0!,#DIV/0!,#DIV/0!,#DIV/0!,0.00
Lymax,MFK,5,2,3,17,6,11,337,350,0.96,130,1.33,-13,227,67%,7,41156,122,3131,0.97,25.94,91.26,11199,6,1,5,1258,1439,163,182,0.90,73,1.30,-19,112,69%,6,19510,120,388,58.46,67,72,24.56,27.42,11.00,2940,51.98,66.37,6,3,3,23,29,34,38,0.89,6,1.05,-4,22,65%,4,4577,135,1,3,8,10,15%,44%,0.65,0.73,0.12,88,1.38,52,5,2,3,17,19,140,130,1.08,51,1.47,10,93,66%,7,17069,122,2,0.40,16,27.75,25.77,10.11,3383,53.52,50.45
Crimzah,MFK,5,2,3,17,6,11,303,307,0.99,139,1.44,-4,195,64%,12,40242,133,2968,0.99,23.03,84.00,11244,6,1,5,1258,1439,158,164,0.96,69,1.38,-6,98,62%,4,19540,124,391,58.92,44,38,23.81,24.71,10.40,2944,48.52,66.37,6,3,3,23,29,34,35,0.97,13,1.34,-1,19,56%,5,5566,164,1,1,4,4,8%,50%,0.65,0.67,0.25,107,1.33,52,5,2,3,17,19,111,108,1.03,57,1.56,3,78,70%,12,15136,136,7,1.39,9,22.00,21.41,11.30,3000,43.41,50.45
Beans,P7N,7,5,2,28,19,9,606,534,1.13,311,1.72,72,401,66%,9,81523,135,3597,1.12,26.91,98.71,13336,11,8,3,2602,2240,337,295,1.14,178,1.75,42,217,64%,5,45215,134,678,57.20,107,37,28.43,24.89,15.02,3815,53.32,118.53,9,5,4,45,41,67,53,1.26,23,1.70,14,45,67%,5,9485,142,4,2,11,6,13%,65%,0.78,0.62,0.27,110,1.40,86,8,6,2,40,23,202,186,1.09,110,1.68,16,139,69%,9,26823,133,12,1.47,16,24.70,22.75,13.45,3280,47.45,81.77
EriKBoom,P7N,7,5,2,28,19,9,573,548,1.05,248,1.50,25,378,66%,7,71442,125,3245,1.08,26.76,89.64,11407,11,8,3,2602,2240,315,314,1.00,147,1.47,1,201,64%,6,38967,124,1085,91.54,122,102,26.57,26.49,12.40,3287,53.07,118.53,9,5,4,45,41,37,51,0.73,21,1.14,-14,19,51%,3,6446,174,7,1,3,16,3%,16%,0.43,0.59,0.24,75,1.02,86,8,6,2,40,23,221,183,1.21,80,1.64,38,158,71%,7,26029,118,14,1.71,18,27.03,22.38,9.78,3183,49.41,81.77
Johnny,P7N,7,5,2,28,19,9,659,605,1.09,281,1.55,54,419,64%,8,83298,126,3684,1.08,29.21,106.63,13527,11,8,3,2602,2240,348,347,1.00,168,1.49,1,224,64%,8,44559,128,671,56.61,120,67,29.36,29.27,14.17,3759,58.63,118.53,9,5,4,45,41,74,65,1.14,19,1.43,9,40,54%,4,9516,129,4,2,18,10,21%,64%,0.86,0.76,0.22,111,1.62,86,8,6,2,40,23,237,193,1.23,94,1.72,44,155,65%,5,29223,123,9,1.10,18,28.98,23.60,11.50,3574,52.59,81.77
Snoopy,P7N,7,5,2,28,19,9,630,567,1.11,275,1.60,63,428,68%,8,77364,123,3443,1.12,28.36,102.37,12604,11,8,3,2602,2240,367,314,1.17,152,1.65,53,245,67%,7,43544,119,543,45.81,96,69,30.96,26.49,12.82,3674,57.45,118.53,9,5,4,45,41,62,61,1.02,26,1.44,1,36,58%,8,8393,135,8,1,12,10,14%,55%,0.72,0.71,0.30,98,1.43,86,8,6,2,40,23,201,192,1.05,97,1.55,9,147,73%,6,25427,127,6,0.73,13,24.58,23.48,11.86,3110,48.06,81.77
Flames,WAR,7,5,2,29,16,13,506,466,1.09,239,1.60,40,351,69%,8,63407,125,2854,1.11,23.11,81.01,10266,12,6,6,2696,2436,297,259,1.15,143,1.70,38,211,71%,6,38028,128,780,63.10,105,98,24.03,20.95,11.57,3076,44.98,123.62,10,6,4,54,37,47,53,0.89,26,1.38,-6,25,53%,5,6726,143,2,2,3,9,3%,25%,0.52,0.58,0.29,74,1.10,91,7,4,3,32,28,162,154,1.05,70,1.51,8,115,71%,8,18653,115,13,1.73,17,21.60,20.53,9.33,2487,42.13,75.00
Nemensions,WAR,7,5,2,29,16,13,592,533,1.11,230,1.54,59,429,72%,7,76324,129,3370,1.11,26.43,95.56,12381,12,6,6,2696,2436,329,304,1.08,132,1.52,25,239,73%,7,41734,127,679,54.93,97,124,26.61,24.59,10.68,3376,51.21,123.62,10,6,4,54,37,67,59,1.14,26,1.58,8,42,63%,5,9382,140,7,0,14,10,15%,58%,0.74,0.65,0.29,103,1.38,91,7,4,3,32,28,196,170,1.15,72,1.58,26,148,76%,6,25208,129,3,0.40,15,26.13,22.67,9.60,3361,48.80,75.00
Iconz,WAR,7,5,2,29,16,13,539,564,0.96,247,1.39,-25,362,67%,9,73454,136,3253,0.94,24.22,87.52,11980,12,6,6,2696,2436,329,321,1.02,130,1.43,8,228,69%,9,43099,131,875,70.78,114,117,26.61,25.97,10.52,3487,52.58,123.62,10,6,4,54,37,58,55,1.05,32,1.64,3,33,57%,5,8852,153,17,5,6,6,7%,50%,0.64,0.60,0.35,97,1.24,91,7,4,3,32,28,152,188,0.81,85,1.26,-36,101,66%,7,21503,141,9,1.20,16,20.27,25.07,11.33,2867,45.33,75.00
Vik,WAR,7,5,2,29,16,13,517,584,0.89,241,1.30,-67,338,65%,7,70534,136,2973,0.83,21.60,85.65,11682,12,6,6,2696,2436,252,335,0.75,140,1.17,-83,162,64%,6,36306,144,886,71.67,100,116,20.39,27.10,11.33,2937,47.49,123.62,10,6,4,54,37,88,67,1.31,26,1.70,21,56,64%,7,11480,130,2,2,29,14,32%,67%,0.97,0.74,0.29,126,1.70,91,7,4,3,32,28,177,182,0.97,75,1.38,-5,120,68%,7,22748,129,7,0.93,14,23.60,24.27,10.00,3033,47.87,75.00
Breszy,OMI,3,1,2,11,5,6,143,185,0.77,81,1.21,-42,95,66%,6,21751,152,2796,0.84,19.64,67.23,10590,4,3,1,914,730,83,89,0.93,50,1.49,-6,58,70%,6,11796,142,297,75.89,22,44,21.21,22.74,12.78,3014,43.95,39.13,4,1,3,8,22,10,27,0.37,5,0.56,-17,4,40%,2,2816,282,2,0,2,5,7%,29%,0.33,0.90,0.17,94,1.23,30,3,1,2,9,15,50,69,0.72,26,1.10,-19,33,66%,4,7139,143,0,0.00,0,17.48,24.13,9.09,2496,41.61,28.60
Cobra,OMI,3,1,2,11,5,6,194,165,1.18,79,1.65,29,141,73%,6,24315,125,3093,1.22,25.39,91.29,11609,4,3,1,914,730,93,74,1.26,41,1.81,19,73,78%,6,11256,121,355,90.72,42,42,23.76,18.91,10.48,2876,42.67,39.13,4,1,3,8,22,22,24,0.92,9,1.29,-2,12,55%,4,3362,153,5,0,1,3,3%,25%,0.73,0.80,0.30,112,1.53,30,3,1,2,9,15,79,67,1.18,29,1.61,12,56,71%,5,9697,123,2,0.70,7,27.62,23.43,10.14,3391,51.05,28.60
Lynz,OMI,3,1,2,11,5,6,184,173,1.06,66,1.45,11,128,70%,7,22605,123,2911,1.13,24.66,87.16,10899,4,3,1,914,730,101,79,1.28,40,1.78,22,74,73%,7,11692,116,230,58.77,28,37,25.81,20.19,10.22,2988,46.00,39.13,4,1,3,8,22,17,25,0.68,3,0.80,-8,10,59%,4,2887,170,0,0,1,6,3%,14%,0.57,0.83,0.10,96,1.40,30,3,1,2,9,15,66,69,0.96,23,1.29,-3,44,67%,6,8026,122,4,1.40,6,23.08,24.13,8.04,2806,47.20,28.60
Mighty,OMI,3,1,2,11,5,6,177,188,0.94,80,1.37,-11,117,66%,5,25558,144,3318,0.96,23.18,85.06,12131,4,3,1,914,730,96,83,1.16,36,1.59,13,69,72%,5,12461,130,234,59.80,32,34,24.53,21.21,9.20,3184,45.74,39.13,4,1,3,8,22,20,25,0.80,7,1.08,-5,12,60%,4,3084,154,1,1,7,5,23%,58%,0.67,0.83,0.23,103,1.50,30,3,1,2,9,15,61,80,0.76,37,1.23,-19,36,59%,3,10013,164,3,1.05,7,21.33,27.97,12.94,3501,49.30,28.60
Owakening,HUN,7,4,3,29,14,15,564,522,1.08,282,1.62,42,391,69%,7,78772,140,3331,1.07,24.12,89.66,12602,13,5,8,2503,2621,302,281,1.07,155,1.63,21,220,73%,7,41657,138,639,51.27,88,51,24.23,22.55,12.44,3342,46.78,124.63,9,6,3,46,42,69,59,1.17,24,1.58,10,45,65%,5,10414,151,0,5,11,6,13%,65%,0.78,0.67,0.27,118,1.45,88,7,3,4,26,28,193,182,1.06,103,1.63,11,126,65%,6,26701,138,8,0.99,20,23.95,22.59,12.78,3313,46.54,80.58
Renegade,HUN,7,4,3,29,14,15,539,570,0.95,196,1.29,-31,371,69%,6,67610,125,2968,0.98,24.12,83.92,10658,13,5,8,2503,2621,316,312,1.01,118,1.39,4,219,69%,6,39125,124,706,56.65,100,111,25.35,25.03,9.47,3139,50.39,124.63,9,6,3,46,42,44,63,0.70,17,0.97,-19,24,55%,4,6711,153,14,0,7,24,8%,23%,0.50,0.72,0.19,76,1.22,88,7,3,4,26,28,179,195,0.92,61,1.23,-16,128,72%,6,21774,122,5,0.62,11,22.21,24.20,7.57,2702,46.41,80.58
Brack,HUN,7,4,3,29,14,15,576,519,1.11,240,1.57,57,391,68%,8,73527,128,3116,1.12,24.95,90.78,11719,13,5,8,2503,2621,309,270,1.14,123,1.60,39,218,71%,8,38147,123,1125,90.26,121,125,24.79,21.66,9.87,3061,46.46,124.63,9,6,3,46,42,64,60,1.07,27,1.52,4,38,59%,4,9589,150,4,4,9,4,10%,69%,0.73,0.68,0.31,109,1.41,88,7,3,4,26,28,203,189,1.07,90,1.55,14,135,67%,5,25791,127,5,0.62,23,25.19,23.45,11.17,3201,48.65,80.58
Uli,HUN,7,4,3,29,14,15,557,541,1.03,227,1.45,16,384,69%,14,68768,123,2899,1.00,23.73,89.14,11078,13,5,8,2503,2621,308,295,1.04,132,1.49,13,215,70%,7,37840,123,589,47.26,103,106,24.71,23.67,10.59,3036,48.38,124.63,9,6,3,46,42,70,56,1.25,17,1.55,14,46,66%,5,9279,133,3,3,14,14,16%,50%,0.80,0.64,0.19,105,1.43,88,7,3,4,26,28,179,190,0.94,78,1.35,-11,123,69%,14,21649,121,8,0.99,16,22.21,23.58,9.68,2687,45.79,80.58
TKay,TRN,3,1,2,11,4,7,201,225,0.89,80,1.25,-24,135,67%,5,26810,133,3178,0.90,23.61,86.50,11444,5,2,3,779,1084,112,128,0.88,50,1.27,-16,77,69%,4,15086,135,111,23.82,24,14,24.03,27.47,10.73,3237,51.50,46.60,3,1,2,10,17,19,22,0.86,1,0.91,-3,13,68%,4,2311,122,1,0,4,2,15%,67%,0.70,0.81,0.04,86,1.52,27,3,1,2,6,11,70,75,0.93,29,1.32,-5,45,64%,5,9413,134,1,0.33,11,22.95,24.59,9.51,3086,47.54,30.50
Dak,TRN,3,1,2,11,4,7,200,216,0.93,76,1.28,-16,142,71%,5,27412,137,3183,0.94,23.99,83.82,11864,5,2,3,779,1084,108,123,0.88,43,1.23,-15,73,68%,5,14587,135,256,54.94,34,34,23.18,26.39,9.23,3130,49.57,46.60,3,1,2,10,17,15,19,0.79,9,1.26,-4,12,80%,3,2873,192,0,1,2,3,7%,40%,0.56,0.70,0.33,106,1.26,27,3,1,2,6,11,77,74,1.04,24,1.36,3,57,74%,5,9952,129,0,0.00,9,25.25,24.26,7.87,3263,49.51,30.50
Milly,TRN,3,1,2,11,4,7,172,234,0.74,82,1.09,-62,99,58%,4,25668,149,2943,0.73,20.10,73.89,11242,5,2,3,779,1084,91,128,0.71,47,1.08,-37,56,62%,3,13573,149,284,60.94,32,21,19.53,27.47,10.09,2913,47.00,46.60,3,1,2,10,17,17,22,0.77,7,1.09,-5,9,53%,4,2979,175,3,1,3,7,11%,30%,0.63,0.81,0.26,110,1.44,27,3,1,2,6,11,64,84,0.76,28,1.10,-20,34,53%,4,9116,142,2,0.66,5,20.98,27.54,9.18,2989,48.52,30.50
Mince,TRN,3,1,2,11,4,7,204,223,0.91,90,1.32,-19,132,65%,7,27275,134,3130,0.92,24.25,86.31,11970,5,2,3,779,1084,110,122,0.90,55,1.35,-12,72,65%,5,14781,134,199,42.70,31,19,23.61,26.18,11.80,3172,49.79,46.60,3,1,2,10,17,17,20,0.85,6,1.15,-3,10,59%,3,3141,185,2,0,3,3,11%,50%,0.63,0.74,0.22,116,1.37,27,3,1,2,6,11,77,81,0.95,29,1.31,-4,50,65%,7,9353,121,3,0.98,5,25.25,26.56,9.51,3067,51.80,30.50
Alfa,T1G,3,1,2,9,3,6,149,167,0.89,75,1.34,-18,99,66%,6,21122,142,3322,0.87,23.30,83.06,11939,3,1,2,426,660,56,67,0.84,34,1.34,-11,40,71%,3,8410,150,92,35.73,21,11,21.75,26.02,13.20,3266,47.77,25.75,3,1,2,14,14,19,18,1.06,6,1.39,1,12,63%,5,2593,136,0,0,2,6,7%,25%,0.68,0.64,0.21,92.61,1.32,28,3,1,2,8,15,74,82,0.90,35,1.33,-8,47,64%,6,10119,137,2,0.67,8,24.64,27.30,11.65,3369,51.94,30.03
Depaa,T1G,3,1,2,3,0,3,36,57,0.63,18,0.95,-21,22,61%,3,5816,162,2966,0.70,19.44,55.31,9321,1,0,1,99,250,12,23,0.52,6,0.78,-11,7,58%,3,1892,158,62,76.54,8,23,14.81,28.40,7.41,2336,43.21,8.10,1,0,1,3,6,1,7,0.14,4,0.71,-6,1,100%,1,478,478,0,0,0,0,0%,#DIV/0!,0.11,0.78,0.44,53.11,0.89,9,1,0,1,1,7,23,27,0.85,8,1.15,-4,14,61%,3,3446,150,0,0.00,3,23.23,27.27,8.08,3481,50.51,9.90
Melko,T1G,3,1,2,9,3,6,159,166,0.96,69,1.37,-7,95,60%,6,21176,133,3208,0.91,24.38,90.87,12225,3,1,2,426,660,62,70,0.89,25,1.24,-8,34,55%,4,8312,134,95,36.89,15,9,24.08,27.18,9.71,3228,51.26,25.75,3,1,2,14,14,23,16,1.44,8,1.94,7,16,70%,6,3282,143,1,2,5,2,18%,71%,0.82,0.57,0.29,117.21,1.39,28,3,1,2,8,15,74,80,0.93,36,1.38,-6,45,61%,5,9582,129,2,0.67,8,24.64,26.64,11.99,3190,51.28,30.03
Syqz,T1G,3,1,2,9,3,6,167,166,1.01,60,1.37,1,107,64%,6,20538,123,3186,0.99,25.81,97.08,11807,3,1,2,426,660,70,73,0.96,22,1.26,-3,41,59%,4,8379,120,169,65.63,28,27,27.18,28.35,8.54,3254,55.53,25.75,3,1,2,14,14,23,20,1.15,9,1.60,3,16,70%,4,2763,120,5,0,6,6,21%,50%,0.82,0.71,0.32,98.68,1.54,28,3,1,2,8,15,74,73,1.01,29,1.41,1,50,68%,6,9396,127,2,0.67,5,24.64,24.31,9.66,3129,48.95,30.03
DC,OMB,5,3,2,17,11,6,312,265,1.18,107,1.58,47,218,70%,8,37509,120,2926,1.21,25.37,89.31,11059,6,5,1,1400,943,143,123,1.16,52,1.59,20,93,65%,8,17001,119,384,68.15,50,36,25.38,21.83,9.23,3017,47.20,56.35,6,3,3,27,23,30,31,0.97,12,1.35,-1,19,63%,6,4985,166,2,1,2,3,4%,40%,0.60,0.62,0.24,99.70,1.22,50,5,3,2,24,19,139,111,1.25,43,1.64,28,106,76%,6,15523,112,8,1.46,12,25.36,20.25,7.84,2832,45.61,54.82
Gwinn,OMB,5,3,2,17,11,6,346,303,1.14,129,1.57,43,238,69%,8,42887,124,3276,1.09,26.54,104.89,12919,6,5,1,1400,943,166,140,1.19,60,1.61,26,121,73%,6,19884,120,596,105.77,56,57,29.46,24.84,10.65,3529,54.30,56.35,6,3,3,27,23,51,33,1.55,5,1.70,18,30,59%,8,6464,127,0,0,16,5,32%,76%,1.02,0.66,0.10,129.28,1.68,50,5,3,2,24,19,129,130,0.99,64,1.48,-1,87,67%,6,16539,128,7,1.28,19,23.53,23.72,11.68,3017,47.25,54.82
PaulEhx,OMB,5,3,2,17,11,6,306,286,1.07,141,1.56,20,208,68%,9,41687,136,3376,1.10,25.19,86.32,11969,6,5,1,1400,943,138,130,1.06,77,1.65,8,95,69%,9,19087,138,412,73.11,55,57,24.49,23.07,13.66,3387,47.56,56.35,6,3,3,27,23,26,31,0.84,13,1.26,-5,14,54%,5,4162,160,3,0,4,4,8%,50%,0.52,0.62,0.26,83.24,1.14,50,5,3,2,24,19,142,125,1.14,51,1.54,17,99,70%,5,18438,130,7,1.28,11,25.90,22.80,9.30,3364,48.71,54.82
2Real,OMB,5,3,2,17,11,6,282,307,0.92,123,1.32,-25,184,65%,7,36499,129,2869,0.92,22.40,83.06,10725,6,5,1,1400,943,134,133,1.01,58,1.44,1,96,72%,5,16702,125,365,64.77,48,49,23.78,23.60,10.29,2964,47.38,56.35,6,3,3,27,23,33,36,0.92,10,1.19,-3,20,61%,7,4601,139,7,0,5,10,10%,33%,0.66,0.72,0.20,92.02,1.38,50,5,3,2,24,19,115,138,0.83,55,1.23,-23,68,59%,6,15196,132,3,0.55,10,20.98,25.17,10.03,2772,46.15,54.82
Sukaah,OMV,2,0,2,6,0,6,113,133,0.85,53,1.25,-20,71,63%,4,16019,142,3296,0.87,24.40,86.71,12306,2,0,2,414,500,56,56,1.00,20,1.36,0,36,64%,4,7132,127,116,54.76,19,22,26.44,26.44,9.44,3367,52.87,21.18,2,0,2,9,12,11,16,0.69,5,1.00,-5,7,64%,4,2243,204,0,0,2,3,10%,40%,0.52,0.76,0.24,106.81,1.29,21,2,0,2,4,9,46,61,0.75,28,1.21,-15,28,61%,4,6644,144,1,0.49,4,22.31,29.59,13.58,3223,51.90,20.62
Rafa,OMV,2,0,2,6,0,6,100,136,0.74,53,1.13,-36,59,59%,5,14351,144,3013,0.73,21.05,72.24,10935,2,0,2,414,500,37,64,0.58,27,1.00,-27,22,59%,5,6505,176,100,47.21,15,9,17.47,30.21,12.75,3071,47.68,21.18,2,0,2,9,12,12,16,0.75,7,1.19,-4,8,67%,3,1756,146,5,0,2,1,10%,67%,0.57,0.76,0.33,83.62,1.33,21,2,0,2,4,9,51,56,0.91,19,1.25,-5,29,57%,3,6090,119,1,0.49,3,24.74,27.16,9.22,2954,51.90,20.62
Kuri,OMV,2,0,2,6,0,6,100,136,0.74,37,1.01,-36,61,61%,5,13540,135,2863,0.73,21.53,76.63,10456,2,0,2,414,500,49,62,0.79,21,1.13,-13,33,67%,3,6542,134,142,67.03,20,26,23.13,29.27,9.91,3088,52.40,21.18,2,0,2,9,12,10,13,0.77,2,0.92,-3,4,40%,3,1574,157,1,0,1,4,5%,20%,0.48,0.62,0.10,74.95,1.10,21,2,0,2,4,9,41,61,0.67,14,0.90,-20,24,59%,5,5424,132,0,0.00,4,19.89,29.59,6.79,2631,49.47,20.62
Joker,OMV,2,0,2,6,0,6,129,134,0.96,49,1.33,-5,78,60%,11,15986,124,3189,0.88,25.36,100.76,12359,2,0,2,414,500,55,61,0.90,19,1.21,-6,35,64%,6,6777,123,126,59.48,16,15,25.96,28.80,8.97,3199,54.76,21.18,2,0,2,9,12,23,13,1.77,5,2.15,10,16,70%,11,2655,115,0,1,5,3,24%,63%,1.10,0.62,0.24,126.43,1.71,21,2,0,2,4,9,51,60,0.85,25,1.27,-9,27,53%,4,6554,129,2,0.97,5,24.74,29.10,12.13,3179,53.84,20.62
Khhx,ROC,3,1,2,11,5,6,228,205,1.11,100,1.60,23,163,71%,9,30624,134,3682,1.20,28.97,95.45,13105,4,3,1,971,878,127,98,1.30,51,1.82,29,99,78%,9,16509,130,260,59.63,36,33,29.13,22.48,11.70,3786,51.61,43.60,4,1,3,16,23,15,28,0.54,15,1.07,-13,7,47%,5,3552,237,1,0,3,10,8%,23%,0.38,0.72,0.38,91.08,1.10,39,3,1,2,8,14,86,79,1.09,34,1.52,7,57,66%,4,10563,123,1,0.33,11,28.73,26.39,11.36,3529,55.12,29.93
D7oomx,ROC,3,1,2,11,5,6,209,215,0.97,91,1.40,-6,131,63%,7,27008,129,3120,0.94,24.07,90.64,11750,4,3,1,971,878,108,104,1.04,61,1.63,4,72,67%,7,14386,133,316,72.48,34,43,24.77,23.85,13.99,3300,48.62,43.60,4,1,3,16,23,32,27,1.19,4,1.33,5,21,66%,6,4062,127,0,0,7,3,18%,70%,0.82,0.69,0.10,104.15,1.51,39,3,1,2,8,14,69,84,0.82,26,1.13,-15,38,55%,4,8560,124,5,1.67,8,23.05,28.06,8.69,2860,51.11,29.93
Vortex,ROC,3,1,2,11,5,6,199,219,0.91,86,1.30,-20,136,68%,6,24476,123,2964,0.98,25.02,83.64,10397,4,3,1,971,878,110,113,0.97,55,1.46,-3,73,66%,4,12865,117,266,61.01,35,21,25.23,25.92,12.61,2951,51.15,43.60,4,1,3,16,23,15,31,0.48,3,0.58,-16,9,60%,4,2681,179,7,1,5,5,13%,50%,0.38,0.79,0.08,68.74,1.18,39,3,1,2,8,14,74,75,0.99,28,1.36,-1,54,73%,6,8930,121,0,0.00,8,24.72,25.06,9.35,2983,49.78,29.93
D7om,ROC,3,1,2,11,5,6,236,215,1.10,89,1.51,21,149,63%,7,27800,118,3289,1.10,28.01,101.57,11857,4,3,1,971,878,127,105,1.21,49,1.68,22,85,67%,7,13943,110,366,83.94,48,40,29.13,24.08,11.24,3198,53.21,43.60,4,1,3,16,23,30,28,1.07,3,1.18,2,17,57%,5,3616,121,3,0,3,3,8%,50%,0.77,0.72,0.08,92.72,1.49,39,3,1,2,8,14,79,82,0.96,37,1.41,-3,47,59%,5,10241,130,2,0.67,3,26.39,27.39,12.36,3421,53.79,29.93