Overall,,,,,,,Search & Destroy,,,,,,,Hardpoint,,,,,,,Overload,,,,,,
Team,Player,K,D,K/D, +/- ,Maps Played,K,D,K/D, +/- ,K/M - Kills/Map,FK,Maps Played,K,D,KD,K/D,K/M - Kills/Map,Time,Maps Played,K,D,K/D, +/- ,K/M - Kills/Map,Goals,Maps Played
OpTic Texas,⁠⁠ Shotzzy,617,543,1.136,74,29,76,65,1.169,11,7.6,14,10,338,306,1.105,32,28.2,941,12,203,172,1.18,31,29,6,7
OpTic Texas,⁠⁠ Mercules,595,549,1.084,46,29,82,59,1.39,23,8.2,16,10,356,322,1.106,34,29.7,890,12,157,168,0.935,−11,22.4,10,7
OpTic Texas,⁠⁠ Dashy,580,528,1.099,52,29,58,63,0.921,−5,5.8,11,10,338,316,1.07,22,28.2,"1,086",12,184,149,1.235,35,26.3,8,7
Miami Heretics,⁠⁠ ReeaL,559,565,0.989,−6,28,68,67,1.015,1,6.8,14,10,273,294,0.929,−21,27.3,557,10,218,204,1.069,14,27.3,5,8
OpTic Texas,⁠⁠ Huke,538,572,0.941,−34,29,64,65,0.985,−1,6.4,8,10,291,333,0.874,−42,24.3,589,12,183,174,1.052,9,26.1,9,7
Miami Heretics,⁠⁠ RenKoR,533,526,1.013,7,28,59,60,0.983,−1,5.9,4,10,274,269,1.019,5,27.4,802,10,200,197,1.015,3,25,2,8
Miami Heretics,⁠⁠ Mettalz,533,588,0.907,−55,28,66,68,0.971,−2,6.6,12,10,269,309,0.871,−40,26.9,547,10,198,211,0.938,−13,24.8,9,8
Miami Heretics,⁠⁠ SupeR,525,497,1.056,28,28,62,58,1.069,4,6.2,11,10,272,270,1.007,2,27.2,833,10,191,169,1.13,22,23.9,11,8
Riyadh Falcons,⁠⁠ KiSMET,469,447,1.049,22,23,52,51,1.02,1,6.5,10,8,281,248,1.133,33,31.2,569,9,136,148,0.919,−12,22.7,7,6
Los Angeles Thieves,⁠⁠ HyDra,454,415,1.094,39,22,59,51,1.157,8,7.4,12,8,276,222,1.243,54,30.7,550,9,119,142,0.838,−23,23.8,2,5
Riyadh Falcons,⁠⁠ Alluka,451,423,1.066,28,23,38,57,0.667,−19,4.8,4,8,249,230,1.083,19,27.7,861,9,164,136,1.206,28,27.3,1,6
Riyadh Falcons,⁠⁠ Exnid,438,479,0.914,−41,23,34,55,0.618,−21,4.3,7,8,250,259,0.965,−9,27.8,449,9,154,165,0.933,−11,25.7,3,6
Los Angeles Thieves,⁠⁠ Scrap,438,433,1.012,5,22,54,51,1.059,3,6.8,7,8,245,238,1.029,7,27.2,649,9,139,144,0.965,−5,27.8,4,5
Riyadh Falcons,⁠⁠ Cellium,437,372,1.175,65,23,45,49,0.918,−4,5.6,4,8,241,209,1.153,32,26.8,590,9,151,114,1.325,37,25.2,5,6
Los Angeles Thieves,⁠⁠ Nium,419,413,1.015,6,22,56,51,1.098,5,7,11,8,245,220,1.114,25,27.2,717,9,118,142,0.831,−24,23.6,6,5
Los Angeles Thieves,⁠⁠ aBeZy,401,421,0.953,−20,22,39,49,0.796,−10,4.9,5,8,233,235,0.992,−2,25.9,522,9,129,137,0.942,−8,25.8,5,5
Paris Gentle Mates,⁠⁠ Estreal,370,313,1.182,57,17,60,32,1.875,28,10,7,6,181,166,1.09,15,30.2,303,6,129,115,1.122,14,25.8,1,5
Paris Gentle Mates,⁠⁠ JoeDeceives,366,321,1.14,45,17,40,34,1.177,6,6.7,8,6,188,170,1.106,18,31.3,221,6,138,117,1.18,21,27.6,5,5
Toronto KOI,⁠⁠ CleanX,347,329,1.055,18,15,29,27,1.074,2,7.3,5,4,200,187,1.07,13,28.6,445,7,118,115,1.026,3,29.5,1,4
Toronto KOI,⁠⁠ Kips,345,325,1.062,20,15,31,28,1.107,3,7.8,7,4,199,195,1.021,4,28.4,388,7,115,102,1.128,13,28.8,4,4
Toronto KOI,⁠⁠ Abe,329,316,1.041,13,15,24,27,0.889,−3,6,5,4,188,184,1.022,4,26.9,451,7,117,105,1.114,12,29.3,5,4
Paris Gentle Mates,⁠⁠ Ghosty,322,298,1.081,24,17,36,29,1.241,7,6,2,6,151,153,0.987,−2,25.2,490,6,135,116,1.164,19,27,3,5
Paris Gentle Mates,⁠⁠ Sib,306,322,0.95,−16,17,31,30,1.033,1,5.2,6,6,150,162,0.926,−12,25,508,6,125,130,0.962,−5,25,6,5
G2 Minnesota,⁠⁠ Envoy,291,260,1.119,31,13,45,32,1.406,13,9,6,5,118,117,1.009,1,29.5,377,4,128,111,1.153,17,32,3,4
Faze Vegas,⁠⁠ Simp,281,248,1.133,33,11,33,19,1.737,14,11,2,3,156,147,1.061,9,31.2,347,5,92,82,1.122,10,30.7,2,3
Toronto KOI,⁠⁠ Insight,269,292,0.921,−23,15,21,26,0.808,−5,5.3,4,4,158,179,0.883,−21,22.6,703,7,90,87,1.035,3,22.5,6,4
The Pit EU,⁠⁠ Mythix,259,276,0.938,−17,12,26,27,0.963,−1,6.5,1,4,143,160,0.894,−17,28.6,254,5,90,89,1.011,1,30,1,3
The Pit EU,⁠⁠ Lynz,254,278,0.914,−24,12,23,27,0.852,−4,5.8,9,4,156,156,1,0,31.2,370,5,75,95,0.79,−20,25,1,3
G2 Minnesota,⁠⁠ Kremp,251,239,1.05,12,13,30,36,0.833,−6,6,6,5,112,111,1.009,1,28,202,4,109,92,1.185,17,27.3,2,4
The Pit EU,⁠⁠ Harry,247,261,0.946,−14,12,20,24,0.833,−4,5,2,4,148,151,0.98,−3,29.6,260,5,79,86,0.919,−7,26.3,2,3
Faze Vegas,⁠⁠ 04,241,251,0.96,−10,11,19,23,0.826,−4,6.3,5,3,147,145,1.014,2,29.4,251,5,75,83,0.904,−8,25,5,3
The Pit EU,⁠⁠ FDot,240,304,0.79,−64,12,27,24,1.125,3,6.8,10,4,132,174,0.759,−42,26.4,348,5,81,106,0.764,−25,27,2,3
Faze Vegas,⁠⁠ Drazah,236,263,0.897,−27,11,11,21,0.524,−10,3.7,1,3,145,147,0.986,−2,29,215,5,80,95,0.842,−15,26.7,1,3
Faze Vegas,⁠⁠ Abuzah,233,242,0.963,−9,11,17,22,0.773,−5,5.7,4,3,140,141,0.993,−1,28,371,5,76,79,0.962,−3,25.3,3,3
G2 Minnesota,⁠⁠ Beans,229,234,0.979,−5,13,37,37,1,0,7.4,3,5,109,107,1.019,2,27.3,266,4,83,90,0.922,−7,20.8,2,4
Cloud9 New York,⁠⁠ Encourage,227,218,1.041,9,11,23,16,1.438,7,7.7,4,3,129,129,1,0,25.8,332,5,75,73,1.027,2,25,0,3
Cloud9 New York,⁠⁠ Wevy,220,218,1.009,2,11,20,16,1.25,4,6.7,3,3,129,127,1.016,2,25.8,255,5,71,75,0.947,−4,23.7,1,3
Cloud9 New York,⁠⁠ Gwinn,213,250,0.852,−37,11,25,18,1.389,7,8.3,3,3,127,140,0.907,−13,25.4,454,5,61,92,0.663,−31,20.3,1,3
Team WaR,⁠⁠ Nemensions,207,206,1.005,1,10,25,19,1.316,6,8.3,6,3,109,99,1.101,10,27.3,276,4,73,88,0.83,−15,24.3,4,3
Team WaR,⁠⁠ IconZ,203,216,0.94,−13,10,21,17,1.235,4,7,0,3,98,110,0.891,−12,24.5,275,4,84,89,0.944,−5,28,2,3
Project Notorious,⁠⁠ oJohnny,202,215,0.94,−13,11,16,20,0.8,−4,5.3,6,3,123,118,1.042,5,24.6,345,5,63,77,0.818,−14,21,2,3
Project Notorious,⁠⁠ Cammy,202,210,0.962,−8,11,27,17,1.588,10,9,2,3,113,117,0.966,−4,22.6,322,5,62,76,0.816,−14,20.7,1,3
Cloud9 New York,⁠⁠ Nejra,202,216,0.935,−14,11,10,18,0.556,−8,3.3,4,3,130,124,1.048,6,26,266,5,62,74,0.838,−12,20.7,1,3
G2 Minnesota,⁠⁠ Nastie,200,214,0.935,−14,13,35,33,1.061,2,7,5,5,84,97,0.866,−13,21,288,4,81,84,0.964,−3,20.3,4,4
Project Notorious,⁠⁠ EriKBooM,197,208,0.947,−11,11,18,20,0.9,−2,6,3,3,106,118,0.898,−12,21.2,307,5,73,70,1.043,3,24.3,2,3
Project Notorious,⁠⁠ Snoopy,186,214,0.869,−28,11,24,22,1.091,2,8,3,3,106,122,0.869,−16,21.2,268,5,56,70,0.8,−14,18.7,0,3
Team WaR,⁠⁠ Flames,184,194,0.949,−10,10,13,20,0.65,−7,4.3,0,3,94,98,0.959,−4,23.5,298,4,77,76,1.013,1,25.7,4,3
Caronlina Royal Ravens,⁠⁠ KnoX,173,160,1.081,13,8,21,20,1.05,1,7,1,3,107,93,1.151,14,35.7,142,3,45,47,0.957,−2,22.5,1,2
Team WaR,⁠⁠ vikrzm,172,225,0.764,−53,10,14,25,0.56,−11,4.7,2,3,86,109,0.789,−23,21.5,197,4,72,91,0.791,−19,24,1,3
Caronlina Royal Ravens,⁠⁠ Traixx,167,164,1.018,3,8,15,24,0.625,−9,5,2,3,93,90,1.033,3,31,162,3,59,50,1.18,9,29.5,2,2
Caronlina Royal Ravens,⁠⁠ Exceed,148,148,1,0,8,23,18,1.278,5,7.7,4,3,80,87,0.92,−7,26.7,228,3,45,43,1.047,2,22.5,3,2
OMiT,⁠⁠ DK,140,147,0.952,−7,7,14,11,1.273,3,7,1,2,82,85,0.965,−3,27.3,312,3,44,51,0.863,−7,22,1,2
OMiT,⁠⁠ Aspekt,139,160,0.869,−21,7,12,15,0.8,−3,6,3,2,86,91,0.945,−5,28.7,106,3,41,54,0.759,−13,20.5,0,2
Caronlina Royal Ravens,⁠⁠ Lurqxx,134,163,0.822,−29,8,18,24,0.75,−6,6,4,3,70,85,0.824,−15,23.3,213,3,46,54,0.852,−8,23,1,2
OMiT,⁠⁠ Ethan,134,173,0.775,−39,7,9,18,0.5,−9,4.5,2,2,78,101,0.772,−23,26,192,3,47,54,0.87,−7,23.5,2,2
Vancouver Surge,⁠⁠ Mamba,131,141,0.929,−10,7,12,13,0.923,−1,6,3,2,63,71,0.887,−8,21,145,3,56,57,0.983,−1,28,1,2
Boston Breach,⁠⁠ Afro,130,120,1.083,10,6,15,16,0.938,−1,7.5,2,2,51,56,0.911,−5,25.5,82,2,64,48,1.333,16,32,2,2
Vancouver Surge,⁠⁠ Nero,121,142,0.852,−21,7,12,12,1,0,6,0,2,58,77,0.753,−19,19.3,143,3,51,53,0.962,−2,25.5,1,2
Boston Breach,⁠⁠ Spart,121,124,0.976,−3,6,10,14,0.714,−4,5,1,2,50,52,0.962,−2,25,113,2,61,58,1.052,3,30.5,2,2
Vancouver Surge,⁠⁠ Lunarz,119,125,0.952,−6,7,6,13,0.462,−7,3,0,2,69,66,1.046,3,23,241,3,44,46,0.957,−2,22,3,2
Vancouver Surge,⁠⁠ Craze,116,139,0.835,−23,7,6,14,0.429,−8,3,3,2,63,73,0.863,−10,21,119,3,47,52,0.904,−5,23.5,0,2
OMiT,⁠⁠ Denza,106,145,0.731,−39,7,10,16,0.625,−6,5,2,2,56,89,0.629,−33,18.7,206,3,40,40,1,0,20,1,2
Boston Breach,⁠⁠ TJHaLy,95,130,0.731,−35,6,8,17,0.471,−9,4,3,2,40,57,0.702,−17,20,92,2,47,56,0.839,−9,23.5,2,2
Boston Breach,⁠⁠ Purj,92,127,0.724,−35,6,17,14,1.214,3,8.5,1,2,29,51,0.569,−22,14.5,83,2,46,62,0.742,−16,23,1,2