Player,Current,Matches,,,Maps,,,Overall,,,,,,,,,,,,,,,,Hardpoint,,,,,,,,,,,,,,,,,,,,,,,,,,Search and Destroy,,,,,,,,,,,,,,,,,,,,,,,,,,,,Overload,,,,,,,,,,,,,,,,,,,,,,,,
,Team,Total,Ws,Ls,Total,Ws,Ls,K,D,K/D,A,KA/D, +/- ,N/T,NT%,HS,21718559,DMG/K,DMG/10,R K/D,K/10,SR,DR,Maps,Ws,Ls,PF,PA,K,D,K/D,A,KA/D, +/- ,N/T,NT%,HS,DMG,DMG/K,HT,HT/10,ObjK,CON,K/10,D/10,A/10,DMG/10,E/10,TIME,Maps,Ws,Ls,RF,RA,K,D,K/D,A,KA/D, +/- ,N/T,NT%,HS,DMG,DMG/K,Pl,Def,FBs,FDs,FB%,WR%,K/R,D/R,A/R,DMG/R,E/R,Rds,Maps,Ws,Ls,RF,RA,K,D,K/D,A,KA/D, +/- ,N/T,NT%,HS,DMG,DMG/K,GLS,GLS/10,OCK,K/10,D/10,A/10,DMG/10,E/10,TIME
Denza,ONR,77,56,21,312,199,112,5461,5815,0.94,2183,1.31,-354,3500,64%,10,674985,124,2915,0.93,23.93,86.01,10729,126,87,39,28452,23827,3059,3300,0.93,1318,1.33,-241,1948,64%,9,376048,123,9043,72.40,1160,1283,24.49,26.42,10.55,3011,50.91,"1,248.95",103,67,35,508,395,566,560,1.01,188,1.35,6,329,58%,10,78536,139,189,23,77,83,9%,48%,0.64,0.63,0.21,88,1.27,890,83,45,38,347,257,1836,1955,0.94,677,1.29,-119,1223,67%,8,220401,120,97,1.22,159,23.04,24.53,8.49,2765,47.57,797.00
Breszy,EXC,75,47,28,300,169,129,5487,5385,1.02,2269,1.44,102,3656,67%,9,710493,129,3170,1.03,24.99,89.61,11736,120,67,52,26729,23652,3060,3067,1.00,1371,1.44,-7,2020,66%,9,391404,128,8057,66.38,1122,1139,25.21,25.27,11.30,3225,50.48,"1,213.80",103,54,48,476,440,588,615,0.96,207,1.29,-27,369,63%,9,89127,152,124,11,113,119,13%,49%,0.66,0.69,0.23,100,1.35,889,77,48,29,322,223,1839,1703,1.08,691,1.49,136,1267,69%,8,229962,125,61,0.82,167,24.64,22.82,9.26,3081,47.46,746.38
Cobra,EXC,75,47,28,300,169,129,5770,5118,1.13,2339,1.58,652,3938,68%,11,756090,131,3350,1.12,26.05,94.85,12544,120,67,52,26729,23652,3249,2860,1.14,1373,1.62,389,2265,70%,11,417322,128,8702,71.69,1201,1107,26.77,23.56,11.31,3438,50.33,"1,213.80",103,54,48,476,440,664,554,1.20,206,1.57,110,410,62%,8,99463,150,26,27,92,78,10%,54%,0.75,0.62,0.23,112,1.37,889,77,48,29,322,223,1857,1704,1.09,760,1.54,153,1263,68%,7,239305,129,101,1.35,193,24.88,22.83,10.18,3206,47.71,746.38
Lynz,EXC,75,47,28,300,169,129,6155,5495,1.12,2275,1.53,660,4272,69%,12,759297,123,3366,1.12,27.77,101.20,12588,120,67,52,26729,23652,3463,3066,1.13,1348,1.57,397,2412,70%,11,417708,121,7533,62.06,1193,1259,28.53,25.26,11.11,3441,53.79,"1,213.80",103,54,48,476,440,711,629,1.13,225,1.49,82,453,64%,12,99440,140,15,13,176,153,20%,53%,0.80,0.71,0.25,112,1.51,889,77,48,29,322,223,1981,1800,1.10,702,1.49,181,1407,71%,11,242149,122,64,0.86,189,26.54,24.12,9.41,3244,50.66,746.38
FDot,P7E,74,51,23,296,176,119,5759,5629,1.02,2236,1.42,130,3798,66%,10,748529,130,3355,1.01,26.10,95.00,12420,123,70,53,26146,24467,3211,3123,1.03,1321,1.45,88,2121,66%,9,412123,128,7877,65.65,1132,1042,26.76,26.03,11.01,3435,52.79,"1,199.77",96,64,31,498,374,642,541,1.19,153,1.47,101,438,68%,10,90730,141,21,16,143,102,17%,58%,0.75,0.63,0.18,106,1.38,860,77,42,35,279,242,1906,1965,0.97,762,1.36,-59,1239,65%,7,245676,129,79,1.04,195,25.05,25.83,10.02,3229,50.88,760.85
Harry,P7E,74,51,23,296,176,119,5709,5049,1.13,2320,1.59,660,3825,67%,10,755582,132,3375,1.13,26.06,93.72,12553,123,70,53,26146,24467,3182,2818,1.13,1384,1.62,364,2145,67%,10,412335,130,7785,64.89,1149,743,26.52,23.49,11.54,3437,50.01,"1,199.77",96,64,31,498,374,600,547,1.10,208,1.48,53,351,59%,8,93883,156,50,20,94,54,11%,64%,0.70,0.64,0.24,109,1.33,860,77,42,35,279,242,1927,1684,1.14,728,1.58,243,1329,69%,8,249364,129,68,0.89,173,25.33,22.13,9.57,3277,47.46,760.85
Mythix,P7E,74,51,23,296,176,119,5943,5455,1.09,2147,1.48,488,3870,65%,10,733994,124,3258,1.07,26.60,98.66,12231,123,70,53,26146,24467,3258,3062,1.06,1250,1.47,196,2117,65%,10,396658,122,7153,59.62,1139,1024,27.16,25.52,10.42,3306,52.68,"1,199.77",96,64,31,498,374,728,582,1.25,185,1.57,146,449,62%,9,95282,131,10,20,173,111,20%,61%,0.85,0.68,0.22,111,1.52,860,77,42,35,279,242,1957,1811,1.08,712,1.47,146,1304,67%,7,242054,124,52,0.68,154,25.72,23.80,9.36,3181,49.52,760.85
Aspekt,ONR,72,54,18,273,183,90,5405,5120,1.06,2177,1.48,285,3595,67%,11,693924,128,3414,1.06,27.04,97.35,12615,109,83,26,25702,19634,3029,2835,1.07,1300,1.53,194,2050,68%,11,382274,126,5957,54.49,870,786,27.71,25.93,11.89,3497,53.64,"1,093.18",90,56,34,440,361,566,535,1.06,206,1.44,31,343,61%,10,83015,147,42,20,118,124,15%,49%,0.72,0.69,0.26,106,1.41,781,74,44,30,324,230,1810,1750,1.03,671,1.42,60,1202,66%,8,228635,126,82,1.18,177,25.99,25.13,9.64,3283,51.12,696.37
D7om,ONR,71,51,20,294,180,113,5835,5533,1.05,1911,1.40,302,3964,68%,10,702550,120,3162,1.05,26.45,96.24,11632,123,80,43,27730,24018,3257,3049,1.07,1163,1.45,208,2287,70%,10,390875,120,9163,74.38,1182,1329,26.44,24.75,9.44,3173,51.19,"1,231.92",97,56,40,473,426,684,638,1.07,152,1.31,46,430,63%,8,86761,127,41,14,129,116,14%,53%,0.77,0.72,0.17,97,1.49,890,74,44,30,283,249,1894,1846,1.03,596,1.35,48,1247,66%,9,224914,119,84,1.17,184,26.46,25.79,8.33,3142,52.25,715.83
D7oomx,ROC,71,51,20,294,180,113,5665,5147,1.10,2109,1.51,518,3906,69%,11,724004,128,3253,1.10,25.61,93.60,12002,123,80,43,27730,24018,3177,2846,1.12,1289,1.57,331,2228,70%,11,404878,127,8847,71.81,1085,958,25.79,23.10,10.46,3287,48.89,"1,231.92",97,56,40,473,426,676,591,1.14,133,1.37,85,432,64%,11,90317,134,12,25,142,87,16%,62%,0.76,0.66,0.15,101,1.42,890,74,44,30,283,249,1812,1710,1.06,687,1.46,102,1246,69%,9,228809,126,75,1.05,171,25.31,23.89,9.60,3196,49.20,715.83
Khhx,ROC,71,51,20,294,180,113,5950,5187,1.15,2195,1.57,763,4133,69%,13,748819,126,3322,1.15,27.01,98.15,12492,123,80,43,27730,24018,3361,2923,1.15,1288,1.59,438,2377,71%,9,413759,123,6456,52.41,1052,883,27.28,23.73,10.46,3359,51.01,"1,231.92",97,56,40,473,426,690,605,1.14,231,1.52,85,423,61%,9,101757,147,42,21,124,99,14%,56%,0.78,0.68,0.26,114,1.46,890,74,44,30,283,249,1899,1659,1.14,676,1.55,240,1333,70%,13,233303,123,67,0.94,165,26.53,23.18,9.44,3259,49.70,715.83
Melko,ROC,69,45,24,279,158,119,4929,4789,1.03,1972,1.44,140,3329,68%,11,629029,128,3015,1.04,24.07,86.15,11107,112,59,52,23945,22521,2729,2619,1.04,1157,1.48,110,1858,68%,8,346430,127,7424,66.41,989,983,24.41,23.43,10.35,3099,47.84,"1,117.90",95,55,39,470,402,539,550,0.98,175,1.30,-11,350,65%,8,79206,147,73,17,88,81,10%,52%,0.63,0.64,0.20,92,1.27,860,72,44,28,296,222,1661,1620,1.03,640,1.42,41,1121,67%,11,203393,122,80,1.13,142,23.54,22.96,9.07,2883,46.50,705.60
KingAbody,NAJ,65,30,35,248,124,123,4734,4922,0.96,1691,1.31,-188,2986,63%,9,585252,124,3034,0.96,24.87,90.94,11331,105,51,53,22325,22842,2753,2864,0.96,1006,1.31,-111,1715,62%,9,334321,121,6379,59.67,999,985,25.75,26.79,9.41,3127,52.55,"1,068.98",79,40,39,368,363,520,515,1.01,146,1.29,5,310,60%,6,71309,137,37,13,106,102,15%,51%,0.73,0.72,0.21,100,1.45,712,64,33,31,214,212,1461,1543,0.95,539,1.30,-82,961,66%,9,179622,123,50,0.80,140,23.37,24.68,8.62,2873,48.05,625.17
Rxld,NAJ,59,44,15,249,156,92,4329,4776,0.91,1790,1.28,-447,2776,64%,8,563411,130,3006,0.91,23.59,84.15,11076,105,67,38,23454,20646,2441,2708,0.90,1089,1.30,-267,1585,65%,8,314473,129,7883,75.66,896,1012,23.43,25.99,10.45,3018,49.42,"1,041.93",82,50,31,407,353,458,539,0.85,172,1.17,-81,269,59%,5,70111,153,108,15,73,85,10%,46%,0.61,0.72,0.23,93,1.33,751,62,39,23,238,199,1430,1529,0.94,529,1.28,-99,922,64%,7,178827,125,45,0.75,134,23.88,25.53,8.83,2986,49.41,598.87
Mighty,OMN,57,28,29,220,113,107,4025,4003,1.01,1683,1.43,22,2686,67%,8,527527,131,3179,1.03,24.75,87.12,11578,93,54,39,20996,18988,2403,2316,1.04,1047,1.49,87,1605,67%,8,308709,128,5624,59.37,815,633,25.37,24.45,11.05,3259,49.82,947.25,71,30,41,294,331,347,421,0.82,131,1.14,-74,208,60%,7,55169,159,13,18,65,86,11%,43%,0.58,0.70,0.22,92,1.28,600,56,29,27,207,198,1275,1266,1.01,505,1.41,9,873,68%,7,163649,128,54,1.00,154,23.67,23.50,9.37,3037,47.16,538.77
Henry,T1G,53,23,30,191,86,105,3594,3750,0.96,1332,1.31,-156,2346,65%,10,455294,127,3131,0.96,24.88,89.87,11434,80,33,47,16032,17406,2026,2127,0.95,793,1.33,-101,1332,66%,10,255330,126,3469,43.21,621,693,25.24,26.50,9.88,3181,51.74,802.73,60,31,29,278,261,370,385,0.96,132,1.30,-15,219,59%,8,49591,134,47,15,67,61,12%,52%,0.69,0.71,0.24,92,1.40,539,51,22,29,164,198,1198,1238,0.97,407,1.30,-40,795,66%,8,150373,126,36,0.73,102,24.29,25.10,8.25,3049,49.39,493.22
Detain,OMN,51,26,25,194,102,92,3641,3570,1.02,1406,1.41,71,2461,68%,8,462959,127,3064,1.03,24.33,88.20,11302,84,46,38,18458,17617,2103,2081,1.01,864,1.43,22,1432,68%,8,266136,127,5694,67.17,734,761,24.81,24.55,10.19,3140,49.36,847.65,59,28,31,264,263,348,364,0.96,112,1.26,-16,217,62%,7,48123,138,8,3,59,72,12%,45%,0.69,0.72,0.22,95,1.40,508,51,28,23,195,182,1190,1125,1.06,430,1.44,65,812,68%,8,148700,125,28,0.55,86,23.51,22.23,8.50,2938,45.74,506.08
dk,ABL,51,38,13,200,135,65,4166,3657,1.14,1655,1.59,509,2796,67%,9,536265,129,3620,1.14,28.55,101.91,13256,80,63,17,18916,14578,2339,2073,1.13,1003,1.61,266,1573,67%,9,299368,128,6992,85.91,891,528,28.74,25.47,12.32,3678,54.21,813.92,66,39,27,302,265,403,356,1.13,115,1.46,47,248,62%,8,59102,147,8,11,52,61,9%,46%,0.74,0.65,0.21,108,1.39,548,54,33,21,259,173,1424,1228,1.16,537,1.60,196,975,68%,9,177795,125,60,1.19,132,28.25,24.36,10.65,3527,52.61,504.05
Syqz,OMN,49,26,23,192,101,91,3583,3525,1.02,1401,1.41,58,2370,66%,11,449513,125,3025,1.01,24.35,89.98,11342,82,46,36,17709,17107,2053,2011,1.02,805,1.42,42,1354,66%,11,251965,123,6047,73.70,769,951,25.02,24.51,9.81,3071,49.53,820.50,61,31,30,282,281,421,398,1.06,140,1.41,23,260,62%,7,56645,135,94,13,66,73,12%,47%,0.76,0.72,0.25,102,1.48,553,49,24,25,174,187,1109,1116,0.99,456,1.40,-7,756,68%,7,140903,127,64,1.34,122,23.19,23.34,9.54,2947,46.53,478.20
Alfa,OMN,43,26,17,169,93,76,3592,3106,1.16,1233,1.55,486,2412,67%,12,442441,123,3405,1.16,27.99,101.26,12556,72,38,34,15050,15347,2113,1830,1.15,700,1.54,283,1398,66%,10,254489,120,4606,63.17,752,783,28.98,25.10,9.60,3490,54.08,729.12,54,28,26,255,236,380,330,1.15,117,1.51,50,229,60%,7,51785,136,15,9,51,56,10%,48%,0.77,0.67,0.24,105,1.45,491,43,27,16,171,150,1099,946,1.16,416,1.60,153,785,71%,12,136167,124,43,1.03,105,26.27,22.61,9.94,3255,48.88,418.35
Rush,T1G,42,13,29,158,61,97,2974,2955,1.01,1054,1.36,19,1981,67%,10,371592,125,3081,1.03,24.98,89.06,11216,66,26,40,13287,14373,1736,1648,1.05,630,1.44,88,1166,67%,10,214854,124,4041,59.92,631,604,25.74,24.44,9.34,3186,50.18,674.35,51,20,31,203,258,291,342,0.85,86,1.10,-51,169,58%,7,40669,140,57,8,39,42,8%,48%,0.63,0.74,0.19,88,1.37,461,41,15,26,128,157,947,965,0.98,338,1.33,-18,646,68%,10,116069,123,33,0.83,73,23.69,24.14,8.45,2903,47.83,399.78
Depa,DCM,41,19,22,161,71,90,2968,3372,0.88,1138,1.22,-404,1797,61%,8,364834,123,2967,0.86,24.15,89.33,10991,68,26,42,12941,15143,1639,1974,0.83,698,1.18,-335,969,59%,7,203497,124,4389,63.52,627,888,23.72,28.57,10.10,2945,52.29,690.95,54,29,25,246,242,376,350,1.07,87,1.32,26,224,60%,8,46459,124,34,15,63,58,13%,52%,0.77,0.72,0.18,95,1.49,488,39,16,23,144,151,953,1048,0.91,353,1.25,-95,604,63%,7,114878,121,35,0.92,116,24.93,27.42,9.24,3006,52.35,382.20
Wailers,T1G,39,17,22,136,60,74,2531,2486,1.02,1013,1.43,45,1709,68%,7,333601,132,3130,1.02,24.13,87.48,11674,57,24,32,11487,12272,1385,1360,1.02,591,1.45,25,942,68%,7,178552,129,4051,70.56,594,533,24.12,23.69,10.29,3110,47.81,574.10,41,17,23,163,184,238,242,0.98,76,1.30,-4,140,59%,5,36161,152,13,10,31,34,9%,48%,0.69,0.70,0.22,104,1.38,347,38,19,19,118,164,908,884,1.03,346,1.42,24,627,69%,6,118888,131,17,0.45,94,24.14,23.50,9.20,3161,47.65,376.10
Ethan,ONR,39,33,6,154,112,42,3388,2988,1.13,1226,1.54,400,2173,64%,10,412663,122,3632,1.11,30.20,111.47,13645,60,51,9,14599,10164,1900,1644,1.16,685,1.57,256,1232,65%,10,225288,119,4412,73.26,656,465,31.55,27.30,11.37,3741,58.85,602.25,52,34,18,249,196,401,308,1.30,126,1.71,93,257,64%,9,53393,133,11,10,89,62,20%,59%,0.92,0.71,0.29,123,1.63,435,42,27,15,212,121,1087,1036,1.05,415,1.45,51,684,63%,9,133982,123,52,1.34,112,28.10,26.78,10.73,3463,54.87,386.90
Ovrlay,T1G,37,12,25,140,55,85,2666,2718,0.98,1134,1.40,-52,1768,66%,9,352645,132,3300,0.97,24.93,91.15,12059,59,20,39,11786,13207,1531,1581,0.97,688,1.40,-50,1000,65%,7,204124,133,3382,56.88,550,568,25.75,26.59,11.57,3433,52.34,594.58,44,20,24,188,199,276,242,1.14,56,1.37,34,188,68%,9,36249,131,8,10,71,34,19%,68%,0.73,0.64,0.15,96,1.37,378,37,15,22,118,141,859,895,0.96,390,1.40,-36,580,68%,7,112272,131,48,1.32,96,23.59,24.58,10.71,3083,48.17,364.12
Dany,DCM,36,12,24,140,56,84,2820,2902,0.97,964,1.30,-82,1757,62%,8,349831,124,3338,0.98,27.30,96.66,12105,59,18,41,10809,13554,1611,1741,0.93,610,1.28,-130,980,61%,8,203454,126,2593,43.06,444,405,26.75,28.91,10.13,3378,55.66,602.22,46,21,25,196,219,280,301,0.93,71,1.17,-21,175,63%,7,39335,140,15,8,52,51,13%,50%,0.67,0.73,0.17,95,1.40,415,35,17,18,126,144,929,860,1.08,283,1.41,69,602,65%,8,107042,115,26,0.79,87,28.32,26.22,8.63,3263,54.53,328.05
Nadox,DCM,35,15,20,137,60,77,2483,2857,0.87,1031,1.23,-374,1560,63%,8,321620,130,3126,0.86,24.16,87.55,11342,58,23,35,10881,13024,1440,1698,0.85,599,1.20,-258,901,63%,8,185207,129,2840,47.88,495,495,24.28,28.63,10.10,3123,52.91,593.12,46,22,24,199,213,282,299,0.94,85,1.23,-17,163,58%,7,36776,130,16,9,58,77,14%,43%,0.68,0.73,0.21,89,1.41,412,33,15,18,130,122,761,860,0.88,347,1.29,-99,496,65%,6,99637,131,46,1.45,69,23.93,27.04,10.91,3133,50.97,318.00
Disarray,,35,12,23,134,49,85,2276,2680,0.85,1030,1.23,-404,1506,66%,7,297191,131,2886,0.86,22.48,79.25,10496,58,17,41,11143,12919,1285,1538,0.84,591,1.22,-253,841,65%,7,167441,130,3680,63.48,509,742,22.16,26.53,10.19,2888,48.69,579.75,41,15,26,165,198,192,254,0.76,94,1.13,-62,125,65%,6,29556,154,34,9,36,34,10%,51%,0.54,0.72,0.27,83.49,1.26,354,35,17,18,116,112,799,888,0.90,345,1.29,-89,540,68%,6,100194,125,31,0.89,78,22.99,25.55,9.93,2883,48.55,347.50
Scythe,ABL,34,13,21,129,56,73,2615,2539,1.03,938,1.40,76,1719,66%,9,332174,127,3327,1.06,26.71,93.01,12014,56,22,34,11128,12672,1522,1448,1.05,572,1.45,74,1017,67%,9,190557,125,2849,49.21,493,477,26.29,25.01,9.88,3291,51.30,578.95,39,16,23,151,194,198,261,0.76,80,1.07,-63,121,61%,6,31189,158,20,3,25,62,7%,29%,0.59,0.78,0.24,93,1.37,336,34,18,16,136,136,895,830,1.08,286,1.42,65,581,65%,9,110428,123,13,0.40,64,27.47,25.47,8.78,3389,52.94,325.85
Kez,T1G,34,10,24,132,48,84,2500,2615,0.96,1045,1.36,-115,1593,64%,8,336223,134,3265,0.95,24.88,90.16,12337,56,18,38,11026,12726,1415,1507,0.94,612,1.35,-92,893,63%,8,187935,133,3259,56.89,445,494,24.70,26.31,10.68,3281,51.01,572.87,42,19,23,182,189,256,263,0.97,77,1.27,-7,162,63%,7,41763,163,3,3,53,47,15%,53%,0.71,0.73,0.21,115,1.43,362,34,11,23,101,135,829,845,0.98,356,1.40,-16,538,65%,8,106525,128,22,0.67,64,25.20,25.69,10.82,3238,50.89,328.97
Blade,ABL,34,11,23,134,54,80,2384,2749,0.87,968,1.22,-365,1528,64%,9,309708,130,2998,0.86,23.61,85.93,11322,58,20,38,10768,13450,1473,1653,0.89,601,1.25,-180,962,65%,9,184838,125,3426,57.82,516,503,24.86,27.90,10.14,3119,52.76,592.55,43,19,24,193,199,254,276,0.92,87,1.24,-22,164,65%,7,39297,155,25,6,43,39,12%,52%,0.68,0.74,0.23,105,1.42,373,33,15,18,120,135,657,820,0.80,280,1.14,-163,402,61%,6,85573,130,39,1.26,57,21.23,26.50,9.05,2765,47.72,309.48
BBConor,HYB,33,9,24,126,40,86,2291,2411,0.95,980,1.36,-120,1507,66%,7,317272,138,3272,0.97,24.23,85.22,12009,54,13,41,9840,12220,1319,1395,0.95,591,1.37,-76,876,66%,7,180129,137,2981,55.32,485,395,24.48,25.89,10.97,3343,50.36,538.88,39,13,26,151,204,201,259,0.78,68,1.04,-58,117,58%,6,35021,174,7,11,34,41,10%,45%,0.57,0.73,0.19,99,1.30,355,33,14,19,112,109,771,757,1.02,321,1.44,14,514,67%,6,102122,132,27,0.83,83,23.81,23.38,9.91,3153,47.18,323.85
D3,DCM,31,12,19,115,44,71,1765,2320,0.76,819,1.11,-555,1082,61%,8,249981,142,2879,0.77,20.90,74.05,10674,48,18,30,8586,10764,995,1327,0.75,480,1.11,-332,608,61%,7,139647,140,2694,56.09,384,382,20.72,27.63,9.99,2908,48.35,480.28,38,16,22,148,182,171,240,0.71,64,0.98,-69,99,58%,8,30430,178,18,7,26,41,8%,39%,0.52,0.73,0.19,92,1.25,330,29,10,19,106,123,599,753,0.80,275,1.16,-154,375,63%,7,79904,133,16,0.57,63,21.21,26.67,9.74,2830,47.88,282.37
GntL,NAJ,30,11,19,111,48,63,2068,2108,0.98,800,1.36,-40,1392,67%,8,258004,125,3164,0.99,25.79,91.27,11496,47,24,23,9896,9798,1252,1201,1.04,488,1.45,51,843,67%,8,151315,121,2590,55.50,431,512,26.83,25.74,10.46,3242,52.56,466.67,35,16,19,157,168,191,218,0.88,64,1.17,-27,126,66%,5,27748,145,15,5,29,59,9%,33%,0.62,0.71,0.21,90,1.33,307,29,8,21,76,126,625,689,0.91,248,1.27,-64,423,68%,6,78941,126,25,0.96,64,23.93,26.38,9.50,3022,50.31,261.18
RealCharm,NVI,30,7,23,114,41,73,2018,2157,0.94,858,1.33,-139,1325,66%,10,269635,134,3133,0.94,23.83,85.47,11546,50,19,31,10300,11007,1248,1285,0.97,537,1.39,-37,829,66%,9,162299,130,3205,63.09,460,549,24.57,25.29,10.57,3195,49.86,508.02,35,11,24,135,180,196,228,0.86,65,1.14,-32,111,57%,6,30163,154,5,9,20,19,6%,51%,0.63,0.74,0.21,98,1.37,309,29,11,18,87,130,574,644,0.89,256,1.29,-70,385,67%,10,77173,134,20,0.78,48,22.38,25.11,9.98,3009,47.49,256.45
Clox,R8E,30,14,16,113,55,58,2200,2024,1.09,851,1.51,176,1544,70%,8,280639,128,3267,1.09,26.03,93.89,12100,49,28,21,10636,9702,1317,1154,1.14,498,1.57,163,933,71%,7,163605,124,2881,59.32,408,332,27.12,23.76,10.25,3369,50.88,485.65,35,18,17,164,157,214,209,1.02,73,1.37,5,132,62%,6,31306,146,26,5,38,32,13%,54%,0.71,0.69,0.24,103,1.40,303,29,9,20,93,109,669,661,1.01,280,1.44,8,479,72%,8,85728,128,28,1.01,55,24.11,23.82,10.09,3090,47.94,277.45
Faisal,VIC,29,8,21,114,39,75,2099,2374,0.88,768,1.21,-275,1259,60%,8,268114,128,3093,0.89,24.56,88.42,11414,50,16,34,9578,11046,1196,1415,0.85,495,1.20,-219,699,58%,7,154213,129,2793,55.72,462,509,23.86,28.23,9.88,3077,52.09,501.25,35,10,25,129,184,207,251,0.82,53,1.04,-44,121,58%,5,29813,144,44,3,46,59,15%,44%,0.67,0.82,0.17,97,1.49,307,29,13,16,92,104,696,708,0.98,220,1.29,-12,439,63%,8,84088,121,21,0.78,72,25.86,26.31,8.18,3125,52.17,269.10
Yafty,VIC,28,10,18,106,38,68,1987,2016,0.99,747,1.36,-29,1327,67%,11,252314,127,3071,0.97,24.11,89.12,11300,45,16,29,8769,9604,1088,1141,0.95,467,1.36,-53,719,66%,11,139699,128,2570,56.96,401,497,24.11,25.29,10.35,3096,49.40,451.20,33,11,22,124,168,223,202,1.10,31,1.26,21,135,61%,8,27557,124,5,10,39,38,13%,51%,0.76,0.69,0.11,94,1.46,292,28,11,17,81,109,676,673,1.00,249,1.37,3,473,70%,7,85058,126,16,0.57,61,24.10,23.99,8.88,3032,48.08,280.55
Clutch,ABL,27,10,17,101,44,57,1847,2011,0.92,751,1.29,-164,1196,65%,9,229002,124,2952,0.94,24.24,85.31,10709,43,22,21,9019,9347,1105,1151,0.96,453,1.35,-46,734,66%,8,135508,123,3310,74.24,419,510,24.79,25.82,10.16,3039,50.60,445.83,32,11,21,125,168,161,215,0.75,63,1.04,-54,91,57%,9,23682,147,52,6,27,39,10%,41%,0.57,0.76,0.22,83,1.32,284,26,11,15,94,104,581,645,0.90,235,1.27,-64,371,64%,5,69812,120,37,1.48,65,23.27,25.83,9.41,2796,49.10,249.68
ReeaL,P7E,25,16,9,98,56,42,2027,1919,1.06,700,1.42,108,1400,69%,12,250477,124,3265,1.05,26.69,97.06,12091,42,26,16,9277,8486,1154,1115,1.03,409,1.40,39,796,69%,11,142758,124,2323,53.49,387,443,26.57,25.68,9.42,3287,52.25,434.25,31,15,16,135,143,208,191,1.09,60,1.40,17,137,66%,9,28019,135,15,7,46,47,17%,49%,0.77,0.71,0.22,104,1.48,269,25,15,10,111,74,665,613,1.08,231,1.46,52,467,70%,12,79700,120,31,1.25,63,26.90,24.80,9.35,3224,51.70,247.18
Shay,NVI,25,8,17,96,40,56,1790,2015,0.89,675,1.22,-225,1073,60%,9,227799,127,3075,0.87,24.54,90.59,11661,42,20,22,8651,8993,1046,1146,0.91,443,1.30,-100,638,61%,8,132132,126,3083,73.87,396,464,25.06,27.46,10.62,3166,52.52,417.33,29,12,17,116,146,194,189,1.03,60,1.34,5,118,61%,9,27796,143,19,5,35,39,14%,47%,0.77,0.75,0.24,110,1.51,253,25,8,17,64,108,550,680,0.81,172,1.06,-130,317,58%,6,67871,123,10,0.43,47,23.59,29.17,7.38,2911,52.76,233.13
RaZeSouL,NVI,21,6,15,83,32,51,1334,1622,0.82,548,1.16,-288,837,63%,7,173362,130,2835,0.83,21.98,79.08,10315,36,18,18,7372,7472,816,939,0.87,353,1.24,-123,513,63%,7,103488,127,2280,64.33,289,422,23.02,26.49,9.96,2920,49.52,354.42,26,8,18,100,135,139,177,0.79,41,1.02,-38,86,62%,5,19211,138,22,5,18,25,8%,42%,0.59,0.75,0.17,82,1.34,235,21,6,15,51,100,379,506,0.75,154,1.05,-127,238,63%,6,50663,134,14,0.74,42,20.02,26.73,8.14,2677,46.76,189.28
Twisted,MAJ,21,9,12,77,33,42,1365,1574,0.87,541,1.21,-209,894,65%,8,186181,136,3132,0.88,23.43,83.39,11587,34,13,20,6631,7662,805,934,0.86,338,1.22,-129,514,64%,6,108330,135,2205,64.82,332,367,23.67,27.46,9.94,3185,51.12,340.15,23,9,13,87,102,112,142,0.79,33,1.02,-30,71,63%,4,18724,167,13,4,14,23,7%,38%,0.59,0.75,0.17,99,1.34,189,20,11,9,67,83,448,498,0.90,170,1.24,-50,309,69%,8,59127,132,17,0.87,36,23.02,25.59,8.74,3038,48.61,194.60
Lqgend,MAJ,21,7,14,78,30,48,1447,1562,0.93,472,1.23,-115,935,65%,11,176632,122,2945,0.90,24.24,89.85,10989,33,11,22,5956,7732,837,922,0.91,293,1.23,-85,542,65%,7,100378,120,1744,51.65,284,377,24.79,27.31,8.68,2973,52.10,337.65,25,10,15,115,115,178,158,1.13,46,1.42,20,114,64%,8,22453,126,14,6,32,28,14%,53%,0.77,0.69,0.20,98,1.46,230,20,9,11,61,85,432,482,0.90,133,1.17,-50,279,65%,11,53801,125,8,0.43,44,23.25,25.94,7.16,2895,49.19,185.82
UH,,20,6,14,72,26,46,1389,1453,0.96,517,1.31,-64,892,64%,10,177130,128,3269,0.94,25.75,96.97,12408,29,12,17,5769,6243,762,816,0.93,300,1.30,-54,485,64%,10,98005,129,1931,66.41,298,287,26.21,28.06,10.32,3370,54.27,290.78,24,7,17,94,132,192,177,1.08,48,1.36,15,121,63%,10,25216,131,6,3,45,37,21%,55%,0.89,0.82,0.22,116.74,1.71,216,19,7,12,62,82,435,460,0.95,169,1.31,-25,286,66%,5,53909,124,10,0.57,44,25.00,26.44,9.71,3099,51.44,173.98
Lampy,T1G,16,3,13,63,19,44,1100,1252,0.88,398,1.20,-152,731,66%,7,141431,129,2909,0.91,23.19,81.85,10652,27,10,17,5583,6105,654,712,0.92,242,1.26,-58,436,67%,7,82158,126,1529,55.10,208,268,23.57,25.66,8.72,2961,49.23,277.50,21,6,15,85,113,110,160,0.69,33,0.89,-50,62,56%,4,17257,157,26,0,16,27,8%,37%,0.56,0.81,0.17,87,1.36,198,15,3,12,38,65,336,380,0.88,123,1.21,-44,233,69%,6,42016,125,6,0.40,30,22.50,25.44,8.24,2813,47.94,149.35
Ziddix,L8U,15,4,11,58,19,39,1115,1210,0.92,450,1.29,-95,683,61%,11,140243,126,3149,0.91,25.20,91.15,11496,24,6,18,4457,5431,617,684,0.90,256,1.28,-67,369,60%,11,76283,124,1799,72.97,225,325,25.03,27.74,10.38,3094,52.77,246.53,19,8,11,76,93,120,117,1.03,36,1.33,3,72,60%,9,15875,132,17,4,18,25,11%,42%,0.71,0.69,0.21,94,1.40,169,15,5,10,46,66,378,409,0.92,158,1.31,-31,242,64%,5,48085,127,12,0.81,38,25.47,27.56,10.65,3241,53.04,148.38
Sway,R8E,15,3,12,61,22,39,1159,1148,1.01,394,1.35,11,766,66%,8,140863,122,3145,1.02,26.03,93.21,11381,28,10,18,5672,6175,744,729,1.02,260,1.38,15,481,65%,6,89612,120,1421,51.12,226,217,26.77,26.23,9.35,3224,52.99,277.97,18,7,11,75,88,109,116,0.94,28,1.18,-7,68,62%,6,14008,129,2,5,14,21,9%,40%,0.69,0.74,0.18,89.22,1.43,157,15,5,10,50,63,306,303,1.01,106,1.36,3,217,71%,8,37243,122,8,0.64,31,24.40,24.16,8.45,2970,48.56,125.40
Slade,,14,1,13,46,7,39,753,914,0.82,269,1.12,-161,458,61%,7,98047,130,3073,0.82,23.82,87.51,11465,17,2,15,2290,4060,359,468,0.77,146,1.08,-109,210,58%,7,46422,129,626,40.23,127,162,23.07,30.08,9.38,2983,53.15,155.60,15,2,13,44,84,89,101,0.88,21,1.09,-12,59,66%,4,12403,139,18,1,9,23,8%,28%,0.75,0.86,0.18,105.11,1.61,118,14,3,11,35,89,305,345,0.88,102,1.18,-40,189,62%,5,39222,129,7,0.57,24,24.77,28.02,8.28,3185,52.79,123.13
Chunk,N/A,13,4,9,50,19,31,1015,1022,0.99,391,1.38,-7,666,66%,8,130546,129,3223,1.00,25.29,92.74,12052,23,8,15,4788,5180,606,614,0.99,248,1.39,-8,385,64%,8,77030,127,1339,56.24,224,248,25.45,25.79,10.42,3235,51.24,238.08,14,3,11,35,76,85,92,0.92,18,1.12,-7,60,71%,4,12008,141,2,1,18,17,16%,51%,0.77,0.83,0.16,108,1.59,111,13,8,5,55,49,324,316,1.03,125,1.42,8,221,68%,7,41508,128,22,1.70,23,24.99,24.37,9.64,3202,49.36,129.65
A9eelx,R8E,12,3,9,51,20,31,809,947,0.85,355,1.23,-138,534,66%,7,108362,134,2931,0.84,21.80,80.45,10753,23,12,11,4677,4695,501,570,0.88,244,1.31,-69,320,64%,7,67255,134,1681,76.25,184,170,22.73,25.86,11.07,3051,48.58,220.45,16,6,10,72,78,97,97,1.00,18,1.19,0,63,65%,4,12631,130,13,4,27,16,19%,63%,0.69,0.69,0.13,90,1.38,141,12,2,10,30,52,211,280,0.75,93,1.09,-69,151,72%,6,28476,135,9,0.85,18,19.87,26.36,8.76,2681,46.23,106.22
Aiden,L8U,11,3,8,39,14,25,728,793,0.92,284,1.28,-65,481,66%,7,92561,127,2960,0.92,23.88,86.88,11244,17,5,12,3396,3778,418,474,0.88,167,1.23,-56,293,70%,7,51842,124,1214,68.73,171,188,23.66,26.84,9.45,2935,50.50,176.63,12,4,8,46,62,75,84,0.89,14,1.06,-9,46,61%,5,11631,155,21,2,16,10,15%,62%,0.69,0.78,0.13,108,1.47,108,10,5,5,31,44,235,235,1.00,103,1.44,0,142,60%,5,29088,124,9,0.93,18,24.28,24.28,10.64,3005,48.55,96.80
CleemZi,L8U,11,3,8,39,14,25,658,791,0.83,303,1.21,-133,453,69%,7,88518,135,2886,0.85,21.91,77.98,10632,17,5,12,3396,3778,411,479,0.86,172,1.22,-68,284,69%,7,52858,129,922,52.20,146,105,23.27,27.12,9.74,2993,50.39,176.63,12,4,8,46,62,59,84,0.70,19,0.93,-25,40,68%,4,9597,163,5,2,13,15,12%,46%,0.55,0.78,0.18,88.86,1.32,108,10,5,5,31,44,188,228,0.82,112,1.32,-40,129,69%,6,26063,139,9,0.93,27,19.42,23.55,11.57,2692,42.98,96.80
F9ly,ALU,11,5,6,42,21,21,812,855,0.95,247,1.24,-43,536,66%,9,99557,123,2961,0.97,24.66,86.57,10781,18,9,9,3773,4207,524,497,1.05,174,1.40,27,350,67%,9,62275,119,965,48.98,181,181,26.60,25.23,8.83,3161,51.82,197.02,13,8,5,59,57,65,82,0.79,19,1.02,-17,41,63%,4,9868,152,12,2,8,18,7%,31%,0.56,0.71,0.16,85.07,1.27,116,11,4,7,27,46,223,276,0.81,54,1.00,-53,145,65%,4,27414,123,5,0.47,25,21.05,26.05,5.10,2588,47.11,105.93
Littleboy,ALU,11,5,6,42,21,21,688,831,0.83,372,1.28,-143,441,64%,10,97073,141,2830,0.83,20.56,74.16,10658,18,9,9,3773,4207,425,496,0.86,241,1.34,-71,269,63%,5,58419,137,1252,63.55,156,155,21.57,25.18,12.23,2965,46.75,197.02,13,8,5,59,57,65,78,0.83,32,1.24,-13,43,66%,10,11324,174,6,0,10,13,9%,43%,0.56,0.67,0.28,97.62,1.23,116,11,4,7,27,46,198,257,0.77,99,1.16,-59,129,65%,5,27330,138,9,0.85,14,18.69,24.26,9.35,2580,42.95,105.93
Op,ALU,11,5,6,42,21,21,848,894,0.95,334,1.32,-46,537,63%,10,108783,128,3219,0.94,25.35,91.44,11815,18,9,9,3773,4207,530,544,0.97,219,1.38,-14,331,62%,7,66309,125,1233,62.58,208,175,26.90,27.61,11.12,3366,54.51,197.02,13,8,5,59,57,80,80,1.00,25,1.31,0,50,63%,10,11278,141,6,3,10,13,9%,43%,0.69,0.69,0.22,97.22,1.38,116,11,4,7,27,46,238,270,0.88,90,1.21,-32,156,66%,4,31196,131,7,0.66,24,22.47,25.49,8.50,2945,47.95,105.93
Izaac,VTZ,11,2,9,40,13,27,750,799,0.94,275,1.28,-49,500,67%,6,98440,131,3068,0.96,24.21,86.27,11537,16,5,11,3133,3811,425,431,0.99,164,1.37,-6,279,66%,5,54253,128,1039,61.91,165,196,25.32,25.68,9.77,3233,51.00,167.83,13,4,9,54,72,75,96,0.78,24,1.03,-21,47,63%,5,12896,172,2,5,10,14,8%,42%,0.60,0.76,0.19,102.35,1.36,126,11,4,7,33,45,250,272,0.92,87,1.24,-22,174,70%,6,31291,125,7,0.63,29,22.53,24.51,7.84,2820,47.04,110.97
Abdullatif,R8E,10,3,7,38,15,23,717,738,0.97,282,1.35,-21,471,66%,8,89254,124,2994,0.96,24.53,89.56,11308,17,9,8,3748,3477,440,437,1.01,171,1.40,3,289,66%,8,53529,122,1399,80.13,164,160,25.20,25.03,9.79,3066,50.23,174.60,12,5,7,57,54,74,68,1.09,24,1.44,6,47,64%,5,10785,146,6,5,20,10,20%,67%,0.73,0.67,0.24,105.74,1.39,102,9,1,8,26,39,203,233,0.87,87,1.24,-30,135,67%,8,24940,123,4,0.46,14,23.20,26.62,9.94,2850,49.82,87.52
Infinity,VTZ,10,2,8,36,12,24,665,771,0.86,290,1.24,-106,413,62%,6,91842,138,3198,0.88,24.01,85.96,12077,14,5,9,2804,3311,381,410,0.93,171,1.35,-29,230,60%,6,50829,133,795,53.72,131,138,25.74,27.70,11.55,3434,53.45,148.00,12,4,8,49,66,68,89,0.76,30,1.10,-21,42,62%,5,12324,181,2,1,6,20,5%,23%,0.59,0.77,0.26,107.17,1.37,115,10,3,7,29,43,216,272,0.79,89,1.12,-56,141,65%,4,28689,133,7,0.70,19,21.46,27.03,8.84,2851,48.49,100.63
SmolZila,VTZ,10,2,8,36,12,24,825,769,1.07,248,1.40,56,540,65%,8,103357,125,3548,1.05,28.96,107.41,13535,14,5,9,2804,3311,441,417,1.06,130,1.37,24,290,66%,8,52351,119,864,58.38,165,160,29.80,28.18,8.78,3537,57.97,148.00,12,4,8,49,66,105,81,1.30,26,1.62,24,70,67%,6,15138,144,8,3,26,16,23%,62%,0.91,0.70,0.23,131.63,1.62,115,10,3,7,29,43,279,271,1.03,92,1.37,8,180,65%,8,35868,129,8,0.79,19,27.72,26.93,9.14,3564,54.65,100.63
Weaths,,10,1,9,32,5,27,497,547,0.91,194,1.26,-50,327,66%,9,65801,132,3050,0.92,23.85,85.68,11630,11,2,9,1435,2560,216,249,0.87,109,1.31,-33,138,64%,9,28676,133,488,50.30,84,77,22.26,25.67,11.24,2956,47.93,97.02,11,1,10,32,63,60,74,0.81,23,1.12,-14,39,65%,5,9898,165,2,3,9,6,11%,60%,0.71,0.87,0.27,116.45,1.58,85,10,2,8,25,64,221,224,0.99,62,1.26,-3,150,68%,6,27227,123,9,1.04,27,25.62,25.97,7.19,3157,51.59,86.25
NotTaad,,10,2,8,41,15,26,742,774,0.96,312,1.36,-32,469,63%,10,98461,133,3296,0.95,25.30,93.63,12555,19,6,13,3707,4313,459,501,0.92,207,1.33,-42,296,64%,10,60999,133,1326,71.72,195,200,24.83,27.10,11.20,3299,51.92,184.88,12,5,7,50,59,82,76,1.08,29,1.46,6,47,57%,5,12494,152,24,0,12,13,12%,48%,0.80,0.74,0.28,121.30,1.53,103,10,4,6,34,42,201,197,1.02,76,1.41,4,126,63%,5,24968,124,8,1.05,14,26.46,25.94,10.01,3287,52.40,75.95
Fibrone,N/A,9,2,7,34,11,21,603,598,1.01,255,1.43,5,396,66%,9,76890,128,3098,1.02,24.74,88.88,11510,14,3,10,2433,3174,331,339,0.98,139,1.39,-8,223,67%,9,41971,127,794,59.32,131,208,24.73,25.33,10.38,3136,50.06,133.85,11,4,6,45,49,56,60,0.93,25,1.35,-4,31,55%,7,8394,150,6,3,10,13,12%,43%,0.67,0.71,0.30,99.93,1.38,84,9,4,5,27,33,216,199,1.09,91,1.54,17,142,66%,5,26525,123,7,0.80,18,24.76,22.81,10.43,3040,47.56,87.25
Synergy,NVI,9,2,7,35,12,23,733,708,1.04,248,1.39,25,480,65%,9,89948,123,3276,1.06,27.15,95.66,11868,15,6,9,3269,3251,448,413,1.08,159,1.47,35,303,68%,7,53153,119,916,57.97,157,188,28.35,26.14,10.06,3364,54.49,158.00,11,2,9,38,60,62,72,0.86,12,1.03,-10,39,63%,4,9001,145,7,4,10,19,10%,34%,0.63,0.73,0.12,91.85,1.37,98,9,4,5,26,33,223,223,1.00,77,1.35,0,138,62%,9,27794,125,4,0.45,26,25.03,25.03,8.64,3119,50.06,89.10
Avo,VTZ,9,2,7,34,13,21,546,678,0.81,228,1.14,-132,338,62%,6,67966,124,2551,0.83,20.74,72.52,9069,14,5,9,2823,3311,310,373,0.83,128,1.17,-63,191,62%,6,37341,120,840,56.50,98,153,20.85,25.09,8.61,2511,45.94,148.68,11,4,7,45,60,49,76,0.64,16,0.86,-27,31,63%,6,6820,139,16,1,11,17,10%,39%,0.47,0.72,0.15,64.95,1.19,105,9,4,5,26,36,187,229,0.82,84,1.18,-42,116,62%,5,23805,127,8,0.88,16,20.56,25.17,9.23,2617,45.73,90.97
Early,NFU,9,3,6,31,11,20,550,674,0.82,186,1.09,-124,341,62%,7,68858,125,2870,0.82,22.93,82.36,10309,13,6,7,2605,2653,322,368,0.88,117,1.19,-46,203,63%,7,40149,125,821,61.74,143,205,24.21,27.67,8.80,3019,51.89,132.98,9,4,5,37,41,46,58,0.79,9,0.95,-12,28,61%,6,5777,126,15,3,7,7,9%,50%,0.59,0.74,0.12,74.06,1.33,78,9,1,8,20,56,182,248,0.73,60,0.98,-66,110,60%,4,22932,126,8,0.92,20,20.96,28.56,6.91,2641,49.52,86.83
Jamal,,9,1,8,29,5,24,388,536,0.72,169,1.04,-148,237,61%,4,52973,137,2731,0.76,20.54,72.57,9985,10,2,8,1375,2310,187,244,0.77,82,1.10,-57,115,61%,4,24277,130,370,41.46,58,43,20.95,27.34,9.19,2720,48.29,89.25,10,1,9,30,57,37,72,0.51,15,0.72,-35,18,49%,3,6309,171,2,0,7,16,9%,30%,0.48,0.94,0.19,81.94,1.42,77,9,2,7,25,56,164,220,0.75,72,1.07,-56,104,63%,4,22387,137,9,1.10,13,20.09,26.95,8.82,2742,47.04,81.63
Zyrro,ATS,7,2,5,25,9,16,480,553,0.87,261,1.34,-73,318,66%,7,65280,136,3208,0.89,24.39,85.35,11903,10,5,5,2073,2225,283,301,0.94,148,1.43,-18,186,66%,7,37529,133,732,66.90,107,122,25.86,27.51,13.53,3430,53.37,109.42,8,2,6,27,44,37,57,0.65,29,1.16,-20,22,59%,4,7005,189,4,0,4,7,6%,36%,0.52,0.80,0.41,98.66,1.32,71,7,2,5,17,34,160,195,0.82,84,1.25,-35,110,69%,4,20746,130,8,1.11,17,22.16,27.00,11.63,2873,49.16,72.22
eMiracule,,7,3,4,23,9,14,439,506,0.87,185,1.23,-67,281,64%,9,57658,131,3198,0.87,24.88,89.07,11966,9,5,4,1945,1705,230,255,0.90,106,1.32,-25,137,60%,9,30449,132,728,78.17,86,121,24.70,27.38,11.38,3269,52.08,93.13,7,3,4,28,31,39,46,0.85,10,1.07,-7,28,72%,7,6238,160,2,3,4,9,7%,31%,0.66,0.78,0.17,105.73,1.44,59,7,1,6,15,45,170,205,0.83,69,1.17,-35,116,68%,5,20971,123,5,0.74,13,25.14,30.31,10.20,3101,55.45,67.63
Mcoof,,7,2,5,25,9,16,528,605,0.87,217,1.23,-77,321,61%,5,66717,126,3324,0.88,26.65,94.04,11999,10,5,5,2073,2225,302,334,0.90,135,1.31,-32,183,61%,5,37771,125,595,54.38,99,80,27.60,30.53,12.34,3452,58.13,109.42,8,2,6,27,44,44,57,0.77,19,1.11,-13,24,55%,5,6343,144,0,1,11,13,15%,46%,0.62,0.80,0.27,89.34,1.42,71,7,2,5,17,34,182,214,0.85,63,1.14,-32,114,63%,5,22603,124,2,0.28,18,25.20,29.63,8.72,3130,54.83,72.22
Eleven,,7,2,5,25,9,16,446,604,0.74,235,1.13,-158,263,59%,4,64065,144,3177,0.76,22.74,78.94,11550,10,5,5,2073,2225,260,343,0.76,139,1.16,-83,145,56%,4,35861,138,432,39.48,69,48,23.76,31.35,12.70,3277,55.11,109.42,8,2,6,27,44,33,62,0.53,14,0.76,-29,24,73%,4,6356,193,2,0,5,15,7%,25%,0.46,0.87,0.20,89.52,1.34,71,7,2,5,17,34,153,199,0.77,82,1.18,-46,94,61%,4,21848,143,4,0.55,13,21.19,27.56,11.35,3025,48.74,72.22
Virsuh,,7,2,5,25,9,16,597,551,1.08,202,1.45,46,395,66%,6,71584,120,3491,1.06,28.96,108.80,12990,10,5,5,2073,2225,315,311,1.01,119,1.40,4,214,68%,6,37801,120,872,79.70,141,159,28.79,28.42,10.88,3455,57.21,109.42,8,2,6,27,44,71,57,1.25,18,1.56,14,41,58%,6,8184,115,18,4,8,7,11%,53%,1.00,0.80,0.25,115.27,1.80,71,7,2,5,17,34,211,183,1.15,65,1.51,28,140,66%,6,25599,121,3,0.42,21,29.22,25.34,9.00,3545,54.56,72.22
eH,N/A,6,2,4,21,7,12,317,406,0.78,141,1.13,-89,194,61%,6,42711,135,2973,0.77,22.52,82.17,11255,8,2,5,1231,1696,158,203,0.78,68,1.11,-45,97,61%,6,21180,134,388,56.48,65,112,23.00,29.55,9.90,3083,52.55,68.70,7,3,3,23,28,33,37,0.89,13,1.24,-4,16,48%,4,5210,158,2,1,4,12,8%,25%,0.65,0.73,0.25,102.16,1.37,51,6,2,4,16,28,126,166,0.76,60,1.12,-40,81,64%,6,16321,130,6,1.04,14,21.94,28.90,10.45,2842,50.84,57.43
envdiaN,LOS,5,0,5,20,4,16,356,431,0.83,131,1.13,-75,237,67%,6,46912,132,2878,0.81,21.81,81.42,10694,10,1,9,1720,2382,213,267,0.80,95,1.15,-54,152,71%,6,29637,139,519,51.69,74,88,21.22,26.59,9.46,2952,47.81,100.40,5,3,2,26,21,34,31,1.10,9,1.39,3,22,65%,5,4420,130,1,3,8,5,17%,62%,0.72,0.66,0.19,94.04,1.38,47,5,0,5,7,30,109,133,0.82,27,1.02,-24,63,58%,4,12855,118,2,0.42,10,23.08,28.16,5.72,2722,51.24,47.23
Fatal,LOS,5,0,5,20,4,16,385,470,0.82,139,1.11,-85,236,61%,6,48719,127,2953,0.79,23.50,88.31,11275,10,1,9,1720,2382,235,289,0.81,88,1.12,-54,140,60%,6,28082,119,622,61.95,88,108,23.41,28.78,8.76,2797,52.19,100.40,5,3,2,26,21,38,31,1.23,10,1.55,7,26,68%,5,5116,135,5,3,8,8,17%,50%,0.81,0.66,0.21,108.85,1.47,47,5,0,5,7,30,112,150,0.75,41,1.02,-38,70,63%,4,15521,139,0,0.00,11,23.71,31.76,8.68,3286,55.47,47.23
Jvlian,N/A,5,1,4,20,6,14,383,361,1.06,144,1.46,22,263,69%,8,49080,128,3057,1.09,24.31,87.46,11427,9,3,6,1855,1936,219,210,1.04,90,1.47,9,157,72%,8,27861,127,599,64.83,89,101,23.70,22.73,9.74,3015,46.43,92.40,6,1,5,15,33,32,38,0.84,4,0.95,-6,18,56%,4,4943,154,1,0,9,6,19%,60%,0.67,0.79,0.08,102.98,1.46,48,5,2,3,19,15,132,113,1.17,50,1.61,19,88,67%,7,16276,123,5,0.96,15,25.39,21.74,9.62,3131,47.13,51.98
Reedy,LOS,5,0,5,20,4,16,324,437,0.74,125,1.03,-113,213,66%,9,43999,136,2709,0.74,20.39,71.74,9983,10,1,9,1720,2382,220,269,0.82,86,1.14,-49,151,69%,9,28835,131,512,51.00,88,133,21.91,26.79,8.57,2872,48.71,100.40,5,3,2,26,21,23,31,0.74,7,0.97,-8,12,52%,4,4010,174,2,0,1,7,2%,13%,0.49,0.66,0.15,85.32,1.15,47,5,0,5,7,30,81,137,0.59,32,0.82,-56,50,62%,5,11154,138,1,0.21,5,17.15,29.00,6.77,2361,46.15,47.23
surnas,N/A,5,0,5,20,4,16,485,441,1.10,153,1.45,44,313,65%,7,59350,122,3678,1.09,30.01,109.68,13391,10,1,9,1720,2382,301,272,1.11,104,1.49,29,185,61%,7,37440,124,550,54.78,121,106,29.98,27.09,10.36,3729,57.07,100.40,5,3,2,26,21,42,35,1.20,9,1.46,7,25,60%,4,5047,120,2,1,5,5,11%,50%,0.89,0.74,0.19,107.38,1.64,47,5,0,5,7,30,142,134,1.06,40,1.36,8,103,73%,4,16863,119,4,0.85,20,30.06,28.37,8.47,3570,58.43,47.23
Yazaah,N/A,5,0,5,20,5,15,342,443,0.77,141,1.09,-101,202,59%,5,45238,132,2936,0.77,22.46,80.20,10730,9,1,8,1554,2228,203,272,0.75,101,1.12,-69,117,58%,4,27247,134,395,42.53,70,94,21.86,29.28,10.87,2933,51.14,92.88,6,2,4,28,30,28,35,0.80,5,0.94,-7,18,64%,2,4193,150,0,1,6,3,13%,67%,0.58,0.73,0.10,87.35,1.31,48,5,2,3,14,20,111,136,0.82,35,1.07,-25,67,60%,5,13798,124,2,0.43,7,23.66,28.99,7.46,2941,52.65,46.92
Zirow,N/A,5,0,5,20,5,15,316,436,0.72,134,1.03,-120,195,62%,5,41414,131,2649,0.71,20.31,75.60,9953,9,1,8,1554,2228,183,276,0.66,85,0.97,-93,110,60%,4,24422,133,542,58.35,77,88,19.70,29.71,9.15,2629,49.42,92.88,6,2,4,28,30,32,36,0.89,8,1.11,-4,21,66%,3,4375,137,7,1,9,10,19%,47%,0.67,0.75,0.17,91.15,1.42,48,5,2,3,14,20,101,124,0.81,41,1.15,-23,64,63%,5,12617,125,6,1.28,11,21.53,26.43,8.74,2689,47.96,46.92
Nerowolfz,,5,2,3,20,8,12,368,421,0.87,139,1.20,-53,229,62%,9,48108,131,3036,0.90,23.93,84.35,11305,9,4,5,1925,1890,224,242,0.93,90,1.30,-18,144,64%,9,29042,130,519,56.82,77,61,24.53,26.50,9.85,3180,51.02,91.33,6,2,4,24,29,30,45,0.67,11,0.91,-15,13,43%,4,5236,175,1,0,7,7,13%,50%,0.57,0.85,0.21,98.79,1.42,53,5,2,3,14,22,114,134,0.85,38,1.13,-20,72,63%,5,13830,121,2,0.40,15,22.85,26.85,7.62,2772,49.70,49.90
Tamim,,5,2,3,22,10,12,358,419,0.85,140,1.19,-61,229,64%,7,45478,127,3278,0.87,26.28,92.62,11828,10,6,4,1819,1869,223,249,0.90,98,1.29,-26,133,60%,6,28151,126,364,44.55,82,83,27.29,30.48,12.00,3446,57.77,81.70,7,3,4,31,34,41,53,0.77,14,1.04,-12,29,71%,7,5942,145,4,1,11,13,17%,46%,0.63,0.82,0.22,91.42,1.45,65,5,1,4,10,21,94,117,0.80,28,1.04,-23,67,71%,6,11385,121,2,0.51,9,24.15,30.06,7.19,2925,54.22,38.92
Zeyad,,5,2,3,22,10,12,359,379,0.95,120,1.26,-20,230,64%,7,45087,126,3225,0.96,26.36,93.00,11768,10,6,4,1819,1869,213,233,0.91,78,1.25,-20,129,61%,5,26496,124,415,50.80,78,68,26.07,28.52,9.55,3243,54.59,81.70,7,3,4,31,34,41,49,0.84,9,1.02,-8,27,66%,5,6194,151,5,4,9,6,14%,60%,0.63,0.75,0.14,95.29,1.38,65,5,1,4,10,21,105,97,1.08,33,1.42,8,74,70%,7,12397,118,4,1.03,16,26.98,24.93,8.48,3186,51.91,38.92
Alsumih,ALS,3,1,2,11,5,6,235,244,0.96,82,1.30,-9,167,71%,5,28656,122,2992,0.94,24.82,92.94,11475,5,1,4,1022,1240,121,150,0.81,56,1.18,-29,88,73%,4,15286,126,280,51.27,35,54,22.15,27.46,10.25,2799,49.62,54.62,3,3,0,18,11,25,21,1.19,7,1.52,4,17,68%,3,3341,134,0,0,3,3,10%,50%,0.86,0.72,0.24,115.21,1.59,29,3,1,2,7,12,89,73,1.22,19,1.48,16,62,70%,5,10029,113,0,0.00,9,29.67,24.33,6.33,3343,54.00,30.00
Evo,ALS,3,1,2,11,5,6,218,236,0.92,109,1.39,-18,142,65%,6,30420,140,3224,0.90,23.28,85.97,12085,5,1,4,1022,1240,133,142,0.94,68,1.42,-9,85,64%,6,18561,140,300,54.93,41,54,24.35,26.00,12.45,3398,50.35,54.62,3,3,0,18,11,21,17,1.24,6,1.59,4,15,71%,5,3139,149,0,1,3,2,10%,60%,0.72,0.59,0.21,108.24,1.31,29,3,1,2,7,12,64,77,0.83,35,1.29,-13,42,66%,4,8720,136,3,1.00,9,21.33,25.67,11.67,2907,47.00,30.00
Madness,F/A,3,1,2,11,5,6,218,216,1.01,90,1.43,2,153,70%,9,26155,120,2675,0.92,22.10,90.09,10729,5,1,4,1022,1240,129,143,0.90,61,1.33,-14,86,67%,5,15687,122,364,66.65,45,64,23.62,26.18,11.17,2872,49.80,54.62,3,3,0,18,11,31,13,2.38,5,2.77,18,20,65%,9,3516,113,3,3,5,1,17%,83%,1.07,0.45,0.17,121.24,1.52,29,3,1,2,7,12,58,60,0.97,24,1.37,-2,47,81%,5,6952,120,1,0.33,11,19.33,20.00,8.00,2317,39.33,30.00
Shark,F/A,3,1,2,11,5,6,254,240,1.06,76,1.38,14,173,68%,6,31460,124,3437,1.10,28.13,96.89,12144,5,1,4,1022,1240,165,140,1.18,42,1.48,25,110,67%,6,19629,119,222,40.65,57,39,30.21,25.63,7.69,3594,55.84,54.62,3,3,0,18,11,16,23,0.70,6,0.96,-7,9,56%,4,2380,149,2,0,7,5,24%,58%,0.55,0.79,0.21,82.07,1.34,29,3,1,2,7,12,73,77,0.95,28,1.31,-4,54,74%,5,9451,129,3,1.00,7,24.33,25.67,9.33,3150,50.00,30.00
Bizzy,N/A,2,0,2,6,0,6,99,131,0.76,42,1.08,-32,65,66%,6,13224,134,2816,0.79,21.63,74.38,10283,2,0,2,446,500,54,60,0.90,27,1.35,-6,39,72%,6,7426,138,167,71.62,22,44,23.16,25.73,11.58,3185,48.89,23.32,2,0,2,4,12,6,13,0.46,2,0.62,-7,2,33%,2,1116,186,2,0,1,6,6%,14%,0.38,0.81,0.13,69.75,1.19,16,2,0,2,0,8,39,58,0.67,13,0.90,-19,24,62%,3,4682,120,0,0.00,4,19.81,29.47,6.60,2379,49.28,19.68
Eclw,NFU,2,0,2,8,2,6,142,181,0.78,63,1.13,-39,90,63%,6,19269,136,2935,0.76,21.51,81.81,11039,4,1,3,660,948,90,114,0.79,37,1.11,-24,58,64%,6,12103,134,235,58.97,32,27,22.58,28.61,9.28,3037,51.19,39.85,2,1,1,9,10,15,14,1.07,3,1.29,1,11,73%,6,1935,129,1,1,4,5,21%,44%,0.79,0.74,0.16,101.84,1.53,19,2,0,2,5,11,37,53,0.70,23,1.13,-16,21,57%,4,5231,141,1,0.52,2,19.27,27.60,11.98,2724,46.88,19.20
Ellys,N/A,2,1,1,7,3,4,84,125,0.67,52,1.09,-41,51,61%,3,12915,154,2681,0.67,18.76,67.51,10523,3,1,2,485,723,54,83,0.65,35,1.07,-29,34,63%,3,8147,151,113,38.68,17,26,18.48,28.41,11.98,2788,46.89,29.22,3,2,1,12,8,10,15,0.67,4,0.93,-5,6,60%,2,2337,234,1,2,2,3,10%,40%,0.50,0.75,0.20,116.85,1.25,20,1,0,1,1,6,20,27,0.74,13,1.22,-7,11,55%,3,2431,122,0,0.00,3,19.54,26.38,12.70,2376,45.93,10.23
Fahad,NFU,2,0,2,8,2,6,177,182,0.97,47,1.23,-5,117,66%,8,21593,122,3321,0.99,27.94,97.61,12250,4,1,3,660,948,117,118,0.99,33,1.27,-1,74,63%,8,13693,117,207,51.94,45,22,29.36,29.61,8.28,3436,58.97,39.85,2,1,1,9,10,12,15,0.80,2,0.93,-3,9,75%,3,1982,165,1,0,1,2,5%,33%,0.63,0.79,0.11,104.32,1.42,19,2,0,2,5,11,48,49,0.98,12,1.22,-1,34,71%,7,5918,123,1,0.52,4,25.00,25.52,6.25,3082,50.52,19.20
Krona,N/A,2,1,1,7,3,4,109,115,0.95,40,1.30,-6,70,64%,5,12919,119,2931,0.92,24.08,86.28,10188,3,1,2,485,723,75,76,0.99,25,1.32,-1,48,64%,5,8893,119,205,70.17,31,24,25.67,26.01,8.56,3044,51.68,29.22,3,2,1,12,8,14,12,1.17,3,1.42,2,9,64%,5,1357,97,6,1,4,3,20%,57%,0.70,0.60,0.15,67.85,1.30,20,1,0,1,1,6,20,27,0.74,12,1.19,-7,13,65%,4,2669,133,0,0.00,2,19.54,26.38,11.73,2608,45.93,10.23
Terra,N/A,2,1,1,7,3,4,110,122,0.90,38,1.21,-12,71,65%,5,12281,112,2720,0.90,24.84,87.89,9843,3,1,2,485,723,72,80,0.90,27,1.24,-8,47,65%,4,8026,111,146,49.97,26,40,24.64,27.38,9.24,2747,52.03,29.22,3,2,1,12,8,12,13,0.92,1,1.00,-1,6,50%,4,1551,129,2,0,2,4,10%,33%,0.60,0.65,0.05,77.55,1.25,20,1,0,1,1,6,26,29,0.90,10,1.24,-3,18,69%,5,2704,104,1,0.98,2,25.41,28.34,9.77,2642,53.75,10.23
Turki,NFU,2,0,2,8,2,6,126,169,0.75,57,1.08,-43,75,60%,4,18510,147,2836,0.74,19.64,70.57,10541,4,1,3,660,948,75,105,0.71,41,1.10,-30,45,60%,4,11731,156,196,49.18,23,28,18.82,26.35,10.29,2944,45.17,39.85,2,1,1,9,10,10,12,0.83,7,1.42,-2,6,60%,4,1763,176,0,1,2,2,11%,50%,0.53,0.63,0.37,92.79,1.16,19,2,0,2,5,11,41,52,0.79,9,0.96,-11,24,59%,4,5016,122,1,0.52,7,21.35,27.08,4.69,2613,48.44,19.20
,,0,0,0,0,0,0,0,0,#DIV/0!,0,#DIV/0!,0,0,#DIV/0!,0,0,#DIV/0!,#DIV/0!,#DIV/0!,#DIV/0!,#DIV/0!,#DIV/0!,0,0,0,0,0,0,0,#DIV/0!,0,#DIV/0!,0,0,#DIV/0!,0,0,#DIV/0!,0,#DIV/0!,0,0,#DIV/0!,#DIV/0!,#DIV/0!,#DIV/0!,#DIV/0!,0.00,0,0,0,0,0,0,0,#DIV/0!,0,#DIV/0!,0,0,#DIV/0!,0,0,#DIV/0!,0,0,0,0,#DIV/0!,#DIV/0!,#DIV/0!,#DIV/0!,#DIV/0!,#DIV/0!,#DIV/0!,0,0,0,0,0,0,0,0,#DIV/0!,0,#DIV/0!,0,0,#DIV/0!,0,0,#DIV/0!,0,#DIV/0!,0,#DIV/0!,#DIV/0!,#DIV/0!,#DIV/0!,#DIV/0!,0.00
,,0,0,0,0,0,0,0,0,#DIV/0!,0,#DIV/0!,0,0,#DIV/0!,0,0,#DIV/0!,#DIV/0!,#DIV/0!,#DIV/0!,#DIV/0!,#DIV/0!,0,0,0,0,0,0,0,#DIV/0!,0,#DIV/0!,0,0,#DIV/0!,0,0,#DIV/0!,0,#DIV/0!,0,0,#DIV/0!,#DIV/0!,#DIV/0!,#DIV/0!,#DIV/0!,0.00,0,0,0,0,0,0,0,#DIV/0!,0,#DIV/0!,0,0,#DIV/0!,0,0,#DIV/0!,0,0,0,0,#DIV/0!,#DIV/0!,#DIV/0!,#DIV/0!,#DIV/0!,#DIV/0!,#DIV/0!,0,0,0,0,0,0,0,0,#DIV/0!,0,#DIV/0!,0,0,#DIV/0!,0,0,#DIV/0!,0,#DIV/0!,0,#DIV/0!,#DIV/0!,#DIV/0!,#DIV/0!,#DIV/0!,0.00
,,0,0,0,0,0,0,0,0,#DIV/0!,0,#DIV/0!,0,0,#DIV/0!,0,0,#DIV/0!,#DIV/0!,#DIV/0!,#DIV/0!,#DIV/0!,#DIV/0!,0,0,0,0,0,0,0,#DIV/0!,0,#DIV/0!,0,0,#DIV/0!,0,0,#DIV/0!,0,#DIV/0!,0,0,#DIV/0!,#DIV/0!,#DIV/0!,#DIV/0!,#DIV/0!,0.00,0,0,0,0,0,0,0,#DIV/0!,0,#DIV/0!,0,0,#DIV/0!,0,0,#DIV/0!,0,0,0,0,#DIV/0!,#DIV/0!,#DIV/0!,#DIV/0!,#DIV/0!,#DIV/0!,#DIV/0!,0,0,0,0,0,0,0,0,#DIV/0!,0,#DIV/0!,0,0,#DIV/0!,0,0,#DIV/0!,0,#DIV/0!,0,#DIV/0!,#DIV/0!,#DIV/0!,#DIV/0!,#DIV/0!,0.00
,,0,0,0,0,0,0,0,0,#DIV/0!,0,#DIV/0!,0,0,#DIV/0!,0,0,#DIV/0!,#DIV/0!,#DIV/0!,#DIV/0!,#DIV/0!,#DIV/0!,0,0,0,0,0,0,0,#DIV/0!,0,#DIV/0!,0,0,#DIV/0!,0,0,#DIV/0!,0,#DIV/0!,0,0,#DIV/0!,#DIV/0!,#DIV/0!,#DIV/0!,#DIV/0!,0.00,0,0,0,0,0,0,0,#DIV/0!,0,#DIV/0!,0,0,#DIV/0!,0,0,#DIV/0!,0,0,0,0,#DIV/0!,#DIV/0!,#DIV/0!,#DIV/0!,#DIV/0!,#DIV/0!,#DIV/0!,0,0,0,0,0,0,0,0,#DIV/0!,0,#DIV/0!,0,0,#DIV/0!,0,0,#DIV/0!,0,#DIV/0!,0,#DIV/0!,#DIV/0!,#DIV/0!,#DIV/0!,#DIV/0!,0.00
,,0,0,0,0,0,0,0,0,#DIV/0!,0,#DIV/0!,0,0,#DIV/0!,0,0,#DIV/0!,#DIV/0!,#DIV/0!,#DIV/0!,#DIV/0!,#DIV/0!,0,0,0,0,0,0,0,#DIV/0!,0,#DIV/0!,0,0,#DIV/0!,0,0,#DIV/0!,0,#DIV/0!,0,0,#DIV/0!,#DIV/0!,#DIV/0!,#DIV/0!,#DIV/0!,0.00,0,0,0,0,0,0,0,#DIV/0!,0,#DIV/0!,0,0,#DIV/0!,0,0,#DIV/0!,0,0,0,0,#DIV/0!,#DIV/0!,#DIV/0!,#DIV/0!,#DIV/0!,#DIV/0!,#DIV/0!,0,0,0,0,0,0,0,0,#DIV/0!,0,#DIV/0!,0,0,#DIV/0!,0,0,#DIV/0!,0,#DIV/0!,0,#DIV/0!,#DIV/0!,#DIV/0!,#DIV/0!,#DIV/0!,0.00