team_name,event_name,event_type,season,stage,region,placement,player1,player2,player3,player4
Telluride Bush Gaming,2026 Cup 1,Cup,2026,,NA,1,Prolute,Capsidal,Spart,TJHaLy
CABAL Gaming,2026 Cup 1,Cup,2026,,NA,2,IconZ,KB,Milly,Ruper
Falcons Academy White,2026 Cup 1,Cup,2026,,NA,3,Arcitys,KingAbody,PaulEhx,Priestahh
Project Notorious,2026 Cup 1,Cup,2026,,NA,4,2ReaL,Gio,Owakening,Uli
For Fun Esports,2026 Cup 1,Cup,2026,,NA,5-6,Whiz,Dak,Flames,Gunsii
NexT Threat,2026 Cup 1,Cup,2026,,NA,5-6,Censor,Diamondcon,oJohnny,Standy
FiveFears,2026 Cup 1,Cup,2026,,NA,7-8,Darksived,Wrecks,Exceed,Fire
OMiT Brooklyn,2026 Cup 1,Cup,2026,,NA,7-8,Brack,FeLo,EriKBooM,Nate
Stallions Red,2026 Cup 1,Cup,2026,,NA,9-16,Encourage,Swooty,DTG,Cimbels
Falcons Academy Green,2026 Cup 1,Cup,2026,,NA,9-16,Roxas,qk4b,Asim,Manny
Team HamzaFrosty,2026 Cup 1,Cup,2026,,NA,9-16,GloFrosty,Gunless,Yeez,Hide
Team ChrisRadial,2026 Cup 1,Cup,2026,,NA,9-16,Radial,Fame,Xotic,Noysii
Team Phantomz21,2026 Cup 1,Cup,2026,,NA,9-16,Phantomz,Alluka,Couti,cxnfid
High Treason,2026 Cup 1,Cup,2026,,NA,9-16,Aidan,Katze,Nemensions,Veilleux
Team Evictix,2026 Cup 1,Cup,2026,,NA,9-16,Conwa,Nejra,Servyr,Choco
Huntsmen,2026 Cup 1,Cup,2026,,NA,9-16,Renegade,Nium,Kips,Rspi
Team Chang,2026 Cup 1,Cup,2026,,NA,17-32,MentaL,Precision,Crow,Yakzn
Death Penalty Esports,2026 Cup 1,Cup,2026,,NA,17-32,Sploady,Crazie,Dessie,Driz
Team CCareful,2026 Cup 1,Cup,2026,,NA,17-32,Careful,Looj,SparKz,Hype
Team NastyyWCi,2026 Cup 1,Cup,2026,,NA,17-32,Nastyy,Landough,LordJosh,Versaii
Team ferdaNF,2026 Cup 1,Cup,2026,,NA,17-32,Ferda,Mstall,Mansionz,Peachuhs
Shinto Gaming Club,2026 Cup 1,Cup,2026,,NA,17-32,Lucho,Ballah,Matt,Mitch
Carolina Piranha,2026 Cup 1,Cup,2026,,NA,17-32,Dreazy,BigFreaky,GrimMelts,MajorMorder
First and Last Dance,2026 Cup 1,Cup,2026,,NA,17-32,Cruze,cWadz,Mirage,Prodahh
Team goulXO,2026 Cup 1,Cup,2026,,NA,17-32,Goul,Kuhlect,Scottaye,ZooNer
Stallions Black,2026 Cup 1,Cup,2026,,NA,17-32,Swagchecked,Booger,Okis,Ryann
Team EJCod,2026 Cup 1,Cup,2026,,NA,17-32,EJ,H8ME,sHRimpRoLL5,Vizmah
BeavoChallenge,2026 Cup 1,Cup,2026,,NA,17-32,Steevo,Preme,Haste,Flashy
Team blurrblurr,2026 Cup 1,Cup,2026,,NA,17-32,Blurrblurr,Awlu,Trimmier,Prodigy
Team Sizkie,2026 Cup 1,Cup,2026,,NA,17-32,Sizkie,Hitmxn,Leib,Crpytic
ZXG Black,2026 Cup 1,Cup,2026,,NA,17-32,Kaiser,Campz,Droxy,Snicker
Caniac Combo,2026 Cup 1,Cup,2026,,NA,17-32,Eternals,Sovereign,Stewyy,Llama2x
Project Notorious,2026 NA Elite Stage 1,Elite,2026,1,NA,1,Ulisses,2ReaL,Owakening,Gio
Falcons Academy White,2026 NA Elite Stage 1,Elite,2026,1,NA,2,KingAbody,Arcitys,PaulEhx,Priestahh
For Fun Black,2026 NA Elite Stage 1,Elite,2026,1,NA,3,Phantomz,Peel,Prodahh,Vikram
Telluride Bush Gaming,2026 NA Elite Stage 1,Elite,2026,1,NA,4,Prolute,Spart,Capsidal,Fire
Falcons Academy Green,2026 NA Elite Stage 1,Elite,2026,1,NA,5-6,Roxas,qk4b,Asim,Ruper
FiveFears,2026 NA Elite Stage 1,Elite,2026,1,NA,5-6,Darksived,EriKBooM,Wrecks,KB
Huntsmen,2026 NA Elite Stage 1,Elite,2026,1,NA,7-8,Kips,Renegade,Rspi,Nium
OMiT Brooklyn,2026 NA Elite Stage 1,Elite,2026,1,NA,7-8,Brack,FeLo,Nate,Alluka
High Treason,2026 NA Elite Stage 1,Elite,2026,1,NA,9-10,Aidan,Nemensions,Veilleux,IconZ
CABAL Gaming,2026 NA Elite Stage 1,Elite,2026,1,NA,9-10,Manny,Katze,GloFrosty,Nejra
NexT Threat Black,2026 NA Elite Stage 1,Elite,2026,1,NA,11-12,Diamondcon,Standy,oJohnny,Exceed
Stallions Black,2026 NA Elite Stage 1,Elite,2026,1,NA,11-12,Swagchecked,Cimbels,Okis,Ryann
CABAL Noir,2026 NA Elite Stage 1,Elite,2026,1,NA,13-16,MentaL,Crow,Precision,Yakzn
Stallions Red,2026 NA Elite Stage 1,Elite,2026,1,NA,13-16,Encourage,Swooty,Havok,Lqgend
NexT Threat Red,2026 NA Elite Stage 1,Elite,2026,1,NA,13-16,Censor,Yeez,Hide,Milly
For Fun Esports,2026 NA Elite Stage 1,Elite,2026,1,NA,13-16,Dak,Whiz,Gunsiii,Flames
Team cxnfid,2026 NA Elite Stage 1,Elite,2026,1,NA,17-24,Cxnfid,DTG,Mirage,Cryptic
IronMen,2026 NA Elite Stage 1,Elite,2026,1,NA,17-24,Cruze,Couti,Gunless,Leib
Strike X,2026 NA Elite Stage 1,Elite,2026,1,NA,17-24,Radial,Fame,Noysii,Proffecide
Luxury Exotics,2026 NA Elite Stage 1,Elite,2026,1,NA,17-24,Driz,Goul,Hitmxn,Sploady
Orlando Ereti,2026 NA Elite Stage 1,Elite,2026,1,NA,17-24,Lucho,Ballah,Kuhlect,ZooNer
Team Snicker,2026 NA Elite Stage 1,Elite,2026,1,NA,17-24,Snicker,qToxn,Furg,Trusie
Team Evictix,2026 NA Elite Stage 1,Elite,2026,1,NA,17-24,Choco,cWadz,Servyr,Sizkie
OmniRift Gaming,2026 NA Elite Stage 1,Elite,2026,1,NA,17-24,Careful,Dessie,SparKz,Hype
Team ProtocolXO,2026 NA Elite Stage 1,Elite,2026,1,NA,25-32,Protocol,Zen,JFRGVN,asylum
Zoned Out Gaming,2026 NA Elite Stage 1,Elite,2026,1,NA,25-32,Nastyy,Versaii,Lando,Josh
Team eternalswrld,2026 NA Elite Stage 1,Elite,2026,1,NA,25-32,Eternals,Llama2x,calamity,Loojjj
Team itsStewyy,2026 NA Elite Stage 1,Elite,2026,1,NA,25-32,Stewyy,Mitch,Ares,blurr
Shinto Gaming Club,2026 NA Elite Stage 1,Elite,2026,1,NA,25-32,Ferda,Mattcod,Peach,awlu
BeavoChallenge,2026 NA Elite Stage 1,Elite,2026,1,NA,25-32,Steevo,Preme,Haste,Flashy
BearClaw Gaming,2026 NA Elite Stage 1,Elite,2026,1,NA,25-32,EJ,cliq,KJ,Vizmah
Team i2Waves,2026 NA Elite Stage 1,Elite,2026,1,NA,25-32,Waves,husk,Prodigy,Jett
