gamertag,full name,origin,birthday,photo,twitter,twitch
PaulEhx,Paul Avila,United States,"January 21, 2002",paulehx.png,https://x.com/PaulEhx_,https://www.twitch.tv/paulehx
Owakening,Joesph Conley,United States,"December 18, 2000",owakening.png,https://x.com/Owakening,https://www.twitch.tv/Owakening
EriKBooM,Eric Ferrer,Spain,"October 29, 2002",erikboom.png,https://x.com/EriKBooM_,https://www.twitch.tv/EriKBooM_
2ReaL,Brendan Stockdale,United States,"May 25, 1998",2real.png,https://x.com/MG2ReaL,https://www.twitch.tv/mg2real
vikrzm,Vikram,India,,vikrzm.png,https://x.com/vikrzm_,https://www.twitch.tv/vikrzm
Wrecks,Dillon Slotter,United States,"March 12, 2000",wrecks.png,https://x.com/WrecksDS,
oJohnny,Giancarlos Carrasco,United States,"September 24, 2003",johnny.png,https://x.com/oJohnnyGian,https://www.twitch.tv/oJohnnyg
Alluka,Mohammed Bindal,Germany,"June 27, 2007",alluka.png,https://x.com/allukaa7,https://www.twitch.tv/alluka
Brack,Carson Newberry,United States,"May 26,1999",brack.png,https://x.com/BrackCN,https://www.twitch.tv/brackcn
d7om,Khalil,Saudi Arabia,"April 13, 2004",,https://x.com/id7omKh,
Khhx,Khalid Almadhi,Saudi Arabia,"April 20, 2001",khhx.png,https://x.com/KhalidBinF2,https://www.twitch.tv/x5ald911
KingAbody,Abdulelah Alrajhi,Saudi Arabia,"February 6, 2000",kingabody.png,https://x.com/KingAbody_,https://www.twitch.tv/KingAbody_
Renegade,Jonathan Willette,United States,"October 22, 2000",renegade.png,https://x.com/Renegade_JW,https://www.twitch.tv/renegade
Diamondcon,Conor Johst,Canada,"April 16, 2000",diamondcon.png,https://x.com/Diamondcon_,https://www.twitch.tv/diamondcon_
Prolute,Byron Vera,United States,"June 29, 2001",prolute.png,https://x.com/ProluteB,https://www.twitch.tv/Prolute_
d7oom,Abdulrahman Althunayan,Saudi Arabia,"January 4, 2003",d7oom.png,https://x.com/id7om372,
Gio,Giovanni Webster,United States,"September 2, 2003",gio.png,https://x.com/Gio1OF1,https://www.twitch.tv/gio1of1_
Uli,Ulisses Rios,United States,"March 27, 2000",uli.png,https://x.com/U1isses,
Lynz,Thomas Gregorio,France,"August 6, 2004",lynz.png,https://x.com/Lyynnz7,https://www.twitch.tv/Lyynnz7
Harry,Harry Payne,England,"August 20, 2000",harry.png,https://x.com/HWPayne7,
Mythix,Ben McKenna,Scotland,"July 4, 2003",mythix.png,https://x.com/MythixJi,https://www.twitch.tv/BMythix
FDot,Felix Mckee,England,"August 23, 2004",fdot.png,https://x.com/FDot_COD,https://www.twitch.tv/fdot_cod
Rxld,Khalid,Saudi Arabia,"April 13, 2004",,https://x.com/iirxld,
Rspi,Nicholas Barton,United States,"September 14, 2004",rspi.png,https://x.com/Rspiii,https://www.twitch.tv/nickrspi
Roxas,Salman Alkhuzayyim,Saudi Arabia,"March 28, 1999",roxas.png,https://x.com/Roxas23_,
Aspekt,Sanveer Juneja,England,"March 29, 2005",aspekt.png,https://x.com/Aspekttt_,
Asim,Obaid Asim,Canada,"February 10, 2000",asim.png,https://x.com/Asim6_,https://www.twitch.tv/asim6
qk4b,Saud Alotaibi,Saudi Arabia,"February 13, 2007",qk4b.png,https://x.com/qk4bb,
Beans,Ben McMellon,England,"May 16, 2000",beans.png,https://x.com/BeansMCM,https://www.twitch.tv/beansmcm
Cobra,Enzo Mekentichi,France,"August 22, 2000",cobra.png,https://x.com/CobraaMVP,https://www.twitch.tv/cobraaaa
Knox,Hakem Al-Shaibani,Saudi Arabia,,knox.png,https://x.com/Knox__77,
Denza,Bjarne Sleebus,Belgium,"July 2, 1998",denza.png,https://x.com/BSDenza,https://www.twitch.tv/Denza
Breszy,Paul Breszynski,France,"January 19, 2000",breszy.png,https://x.com/Breszy,https://www.twitch.tv/Breszy
Arcitys,Alec Sanderson,United States,"July 9, 1998",arcitys.png,https://x.com/Arcitys,https://www.twitch.tv/arcitys
Nemensions,,United States,"April 17, 2004",nemensions.png,https://x.com/Nemensions,
Standy,Eli Bentz,United States,"June 12, 2001",standy.png,https://x.com/Staaandy,https://www.twitch.tv/Standy
Felo,Tyler Johnson,United States,"May 15, 1997",felo.png,https://x.com/FeLo,https://www.twitch.tv/Felo
Nate,Nathan Pereira,United States,"May 30, 2007",,https://x.com/NateTerminated_,https://www.twitch.tv/NateTerminated11
Peel,Emerson,United States,,,https://x.com/ReturnOfPeel,
Melko,Nicolas Ibanez,France,"September 19, 2001",,https://x.com/Melko_,https://www.twitch.tv/NMelko_
Scythe,Christian D,Italy,"October 21, 2006",,https://x.com/ScytheSZN_,https://www.twitch.tv/scytheszn_
Manny,Emmanuel Lemos,United States,"October 16, 2003",manny.png,https://x.com/Manny7F,https://www.twitch.tv/manny7f
Cammy,Cameron McKilligan,Scotland,"October 10, 1999",cammy.png,https://x.com/CammyMVP,https://www.twitch.tv/Cammy
KB,Francis Biller,Colombia,"June 17, 2005",,https://x.com/KBisTwisted,https://www.twitch.tv/KBisTwisted
Capsidal,Kenyen Sutton,United States,"August 19, 2002",capsidal.png,https://x.com/Capsidal_,https://www.twitch.tv/Capsidal
Prodahh,Brady Silowka,United States,"August 31, 2004",prodahh.png,https://x.com/Prodahh_,https://www.twitch.tv/prodahh
Syqz,,France,,,https://x.com/ssyqz,
Ruper,Rodrigo Armendariz,Mexico,"May 9, 2003",ruper.png,https://x.com/RuperSkywxlker,https://www.twitch.tv/ruperskywxlker
Detain,Jed Mulcahy,England,"June 10, 2000",detain.png,https://x.com/JeDetain,
Swooty,Jared Najera,United States,"September 4, 2003",,https://x.com/SwootyWRLD,https://www.twitch.tv/swooty18
Mighty,,France,,,https://x.com/Mxghty7,https://www.twitch.tv/9Mighty_
GntL,Abdullah Albaqami,Saudi Arabia,September 24,,https://x.com/g1ntl,https://www.twitch.tv/GntL
Wailers,Wailers Locart,France,"November 24, 1997",wailers.png,https://x.com/Wailers_WL,https://www.twitch.tv/WailersWL
HenRy,Henry Deakin,England,"September 20, 2001",henry.png,https://x.com/DHenryy_,https://www.twitch.tv/DHenryy_
Depaa,Lucas Beuchillot,France,"May 23, 2000",depaa.png,https://x.com/RMDepaa,https://www.twitch.tv/RMDepaa
Ovrlay,,Wales,,,https://x.com/_Ovrlay,https://www.twitch.tv/ovrlay_
Mack,Makenzie Kelley,United States,"November 21, 2001",mack.png,https://x.com/MackMelts,https://www.twitch.tv/mackmeltss
Dany,,Belgium,,,https://x.com/Dany8R,https://www.twitch.tv/8danyy
DK,Dayton Kerry,Wales,"July 25, 2007",dk.png,https://x.com/dkxrryy,
Flames,John-Alexander Dieguez,United States,"April 25, 2003",flames.png,https://x.com/Flames4K,https://www.twitch.tv/Flames
Rush,,Australia,,,https://x.com/Kads_lanez,
Nadox,Dimitri Hernandez,France,"February 8, 2002",,https://x.com/Nadox_,
BladeCNXN,Oscar B,France,,,https://x.com/BladeCNXN,https://www.twitch.tv/bladecnxn
Alfa,Alan Faille,France,"September 20, 2006",alfa.png,https://x.com/AlfaaFL,https://www.twitch.tv/AlfaFL_
Shay,,Saudi Arabia,,,https://x.com/shay3ad,
ReeaL,José Manuel Fernández,Spain,"December 11, 2003",reeal.png,https://x.com/ReeaLJM,https://www.twitch.tv/ReeaLJM
Snoopy,Eric Pérez Lozano,Mexico,"September 25, 2004",snoopy.png,https://x.com/Snzopy,https://www.twitch.tv/snoop
IconZ,Aiden,United States,"November 6, 2006",iconz.png,https://x.com/AidenIconZ,https://www.twitch.tv/icconz
D3L1V3R,Maxence Guyomard,France,"January 6, 2000",,https://x.com/MaxennceD3,
Dak,Dakota Morr,United States,"July 28, 2002",dak.png,https://x.com/7Dak_,https://www.twitch.tv/7Dak
Darksived,Brian Moreno,United States,,darksived.png,https://x.com/Darksived,https://www.twitch.tv/Darksived
BBConor,Conor Beale,England,"December 24, 1999",,https://x.com/BBConor_,https://www.twitch.tv/bbconor
Abe,Ronald Abraham,United States,"June 22, 2005",abe.png,https://x.com/AbeGotGame_,https://www.twitch.tv/abegotgame_
Faisal,Faisal Alzahrani,Saudi Arabia,"November 8, 2004",,https://x.com/FaiisRZ,
Twisted,,England,,,https://x.com/TwistedFZ,https://www.twitch.tv/Twistedd__
Yafty,,Bahrain,,,https://x.com/Yafty__,
RaZeSouL,,Saudi Arabia,,,https://x.com/RaZeSouLx,
Disarray,Ewen Harmer,England,"April 20, 2000",disarray.png,https://x.com/lDisarray,https://www.twitch.tv/ewendisarray
Clox,,Saudi Arabia,,,https://x.com/Zclox1,
Kez,Ciaran McGeachy,Scotland,"August 25, 2002",,https://x.com/KezCSM,https://www.twitch.tv/kezcsm
Mince,Andrew Motomura,Canada,"May 21, 2006",mince.png,https://x.com/3Mince,https://www.twitch.tv/Miince_
Tkay,Mathew Montalvo,Dominican Republic,"September 18, 2005",,https://x.com/Tkaylol,
Afro,Marcus Reid,England,"July 19, 2001",afro.png,https://x.com/AstrosInMyAfro,https://www.twitch.tv/astrosinmyafro
Phantomz,Timothy Landis,United States,"March 7, 1999",phantomz.png,https://x.com/Phantomz,https://www.twitch.tv/phantomztl
Milly,Naim Puntiel,United States,"January 5, 2006",,https://x.com/MillyTheGunny,https://www.twitch.tv/MillyTheGunny
RealCharm,,Saudi Arabia,,,https://x.com/iRealCharm,
Traixx,Nicolas Monaco,Argentina,"December 11, 2003",traixx.png,https://x.com/traaixx,https://www.twitch.tv/Traix__
Ethan,Ethan Fowler,England,,ethan.png,https://x.com/Ethxnz_,https://www.twitch.tv/qethann_
Priestahh,Preston Greiner,United States,"June 27, 1998",preistahh.png,https://x.com/Priestahh,https://www.twitch.tv/Priestahh
Okis,Arnel Avdagic,United States,"August 4, 2003",okis.png,https://x.com/OkisFN,https://www.twitch.tv/okis
Hitmxn,Andrew Rostran,United States,,hitmxn.png,https://x.com/Hitmxn_,https://www.twitch.tv/Hitmxn_
ZiddiX,Mori,France,,,https://x.com/ZiddiX_,https://www.twitch.tv/ziddix__
Spart,Kris Cervantez,United States,"May 24, 2001",spart.png,https://x.com/itsSpart,https://www.twitch.tv/spart
A9eelx,,Saudi Arabia,,,https://x.com/XxA9eel_,
Cimbels,Caden Carter,United States,"June 2, 2002",,https://x.com/Cimbeis,https://www.twitch.tv/cimbelss
Gwinn,Isaiah Gwinn,United States,"May 2, 2002",gwinn.png,https://x.com/GwinnWRLD,https://www.twitch.tv/gwinnwrld
Chunk,Harry Lawton,England,"May 22, 1996",,https://x.com/ChunkRJT,https://www.twitch.tv/chunkrjt
Clutch,Jamal P,Northern Ireland,,,,
Ryann,Ryan Hotinski,United States,"March 2, 2006",,https://x.com/RyannCod,https://www.twitch.tv/Ryanncod
Gunsiii,Sebastian Martinez,United States,"June 19, 2001",gunsiii.png,https://x.com/Gunsiii_,https://www.twitch.tv/gunsiii
Lqgend,Kaci Sabri,France,"October 11, 2003",lqgend.png,https://x.com/Lqgend_,https://www.twitch.tv/lqgendd
Nium,Jeremiah Harrison,United States,"July 23, 2002",nium.png,https://x.com/NiumFPS,https://www.twitch.tv/nium
Cruze,Rory Hunn,New Zealand,"October 28, 1999",cruze.png,https://x.com/CruzeeyCOD,https://www.twitch.tv/cruze
Lampy,,England,,,https://x.com/1Lampy,https://www.twitch.tv/ylampy
SkiL,Kenrick Thompson,Jamaica,"May 9, 2008",skil.png,https://x.com/5SkiL,https://www.twitch.tv/skil
Kips,Nicholas Lyons,United States,"February 17, 2006",kips.png,https://x.com/8Kips,https://www.twitch.tv/8Kips
Mirage,,United States,,,https://x.com/mi7age,
Vivid,Reece Drost,United States,"December 24, 1999",vivid.png,https://x.com/VividTheWarrior,https://www.twitch.tv/ReeceVivid
Surnas,,Spain,"June 29,2005",surnas.png,,
SmolZiLa,,Lithuania,,,https://x.com/SmolZiLa,
Jett,,United States,,,https://x.com/JettSteinman,https://www.twitch.tv/8Jett
Sway,,Saudi Arabia,,,https://x.com/iSway67,
Synergy,,Saudi Arabia,,,https://x.com/iSynrgy,
PipeFatal,,Spain,,pipefatal.png,https://x.com/PipeFatal,
Infinity,,Republic of Ireland,,,https://x.com/InfinityFPS1,https://www.twitch.tv/infinityfps1
Izaac,Izaac,England,,,https://x.com/Izaac791,https://www.twitch.tv/Izaac
Abdullatif,,Saudi Arabia,,,https://x.com/abdvlatef,
NeRoWoLFz,,Saudi Arabia,,,https://x.com/NeRo_WoLF7,
Fibrone,Reda Fessassen,France,"June 10, 2004",,https://x.com/Fibrone1,
Nejra,Jonathan Pabo'n,Puerto Rico,"August 5, 2002",nejra.png,https://x.com/_Nejra,https://www.twitch.tv/Nejrra
Zeyad,,Saudi Arabia,,,https://x.com/yyyZeyad,
Tamim,,Saudi Arabia,,,https://x.com/AlwaysTimo,
envdiaN,Angel Miranda,Spain,"October 8, 1997",envdian.png,https://x.com/envdiaN,
Yazaah,Elyes,France,"March 25, 2002",,https://x.com/Yazaah213,
DTG,Derek,United States,"July 9, 2006",,https://x.com/DerekTheGoat_,https://www.twitch.tv/DerekTheGoat_
GloFrosty,Hamza Shaikh,United States,"February 4, 1998",,https://x.com/HamzaFrosty,
Aiden,Antoine Defarcy,France,"December 9, 1998",aiden.png,https://x.com/Aiden9_,https://www.twitch.tv/Aiden9
UH,,Pakistan,,,https://x.com/ykUH_,https://www.twitch.tv/ykUH_
Veilleux,,United States,"November 29, 2000",veilleux.png,https://x.com/KozyVeil,https://www.twitch.tv/veilleux
CleemZi,,France,,,https://x.com/CleemZi,
Reedy,,Spain,,reedy.png,https://x.com/Ehedey_,
Avo,Jordan Thomas,Wales,"July 1, 1998",,https://x.com/Avo_JT,https://www.twitch.tv/avojt
ZiRoW,Fahd Boutrid,France,"November 16, 1997",,https://x.com/ZirowKR7,https://www.twitch.tv/ZirowH8Z
Yeez,Christian Faircloth,United States,"November 25, 2002",,https://x.com/YeezCF,https://www.twitch.tv/YeezCF
cWadz,Chris Waddell,United States,,,https://x.com/cWadz_,https://www.twitch.tv/cWadz
Weaths,,France,,,https://x.com/weaaths,
Katze,Logan Roth,United States,,,,https://www.twitch.tv/8katze
Slade,,France,,,https://x.com/slade7_,
Swagchecked,Nate Betancourt,Puerto Rico,"April 15, 2007",swagchecked.png,https://x.com/Swagchecked,https://www.twitch.tv/Swagchecked
Gunless,Peirce Hillman,Canada,"November 24, 1997",gunless.png,https://x.com/Gunless,https://www.twitch.tv/gunless_
Whiz,Brian Moran,United States,"July 8, 2002",,https://x.com/8Whiz,
Couti,Santiago Coutinho,Argentina,"June 28, 2001",couti.png,https://x.com/CoutiSZN,https://www.twitch.tv/coutiszn
JamaL,,France,,,https://x.com/9JamaL,
Fear,Luis Rivera,United States,"March 20, 2002",fear.png,https://x.com/F3AR,https://www.twitch.tv/fear
TJHaLy,Thomas Haly,United States,"July 19, 1999",tjhaly.png,https://x.com/TJHaLy,https://www.twitch.tv/TJHaly