Team Name,File Name
OMiT,OMiT.png
Telluride Bush Gaming,TellurideBushGaming.png
Project Notorious,ProjectNotorious.png
OMiT Brooklyn,OMiTBrooklyn.png
Huntsmen,Huntsmen.png
Project 7,Project7.png
ROC Esports,ROCEsports.png
Mindfreak,Mindfreak.png
Team WaR,TeamWaR.png
Decimate Gaming,DecimateGaming.png
CABAL Gaming,CABALGaming.png
For Fun Esports,ForFunEsports.png
Falcons Academy Green,FalconsAcademyGreen.png
Falcons Academy White,FalconsAcademyWhite.png
Falcons Academy Black,FalconsAcademyBlack.png
Treaty 1 Gaming,Treaty1Gaming.png
Stallions,Stallions.png
KAOS Esports,KAOSEsports.png
Unity Visual,UnityVisual.png
Clutch Rayn,ClutchRayn.png
Alpha Esports,AlphaEsports.png
Exceptional Gaming,ExceptionalGaming.png
The Atlas Lions,TheAtlasLions.png
OMNiA Gaming,OMNiAGaming.png
Default,Default.png
Torn Esports,TornEsports.png
Bear Claw Gaming,BearClawGaming.png
Five Fears,FiveFears.png
InControl Gaming,InControlGaming.png